username, created_at, lng, lat, text
copkiller1999, Tue Jan 26 06:08:14 +0000 2021, -84.433106, 33.767195, Ariel Pink kicked my dog 
WRhincy, Tue Jan 26 06:08:16 +0000 2021, -117.849687, 34.135520, @Dario_Ciriello @DarnayJesse No need! Just chains. We should plan a day trip to Wrightwood.  Just an hour drive, an‚Ä¶ https://t.co/HaI3Dk5Hjt 
GabrielaDow, Tue Jan 26 06:08:15 +0000 2021, -117.104989, 32.810012, On east coast calls all morning followed by major deadlines then community group meeting/presentation + keeping up‚Ä¶ https://t.co/1WUK3AZKpT 
RevChuckCurrie, Tue Jan 26 06:08:16 +0000 2021, -122.630908, 45.536402, Cold weather in Portland means difficult times for those experiencing homelessness. @211info has a list of donation‚Ä¶ https://t.co/WYiTy5U04i 
Alkapone47, Tue Jan 26 06:08:16 +0000 2021, -122.044814, 37.592159, @litapi1 Jodie ü§£ü§£ü§£ü§£ü§£ 
AtlasBear_Mirza, Tue Jan 26 06:08:16 +0000 2021, -117.104989, 32.810012, @oneheavytitty You mean to tell me a guy with half of a half sleeve and a ‚Äútattooed and employed‚Äù shit doesn‚Äôt know‚Ä¶ https://t.co/la35RWHq6K 
caminorandy, Tue Jan 26 06:08:16 +0000 2021, -120.583402, 44.145437, @PaddyHu19157609 @IsaacDovere That is an outright lie 
MaNueLEmy, Tue Jan 26 06:08:16 +0000 2021, -74.000941, 40.236612, @ChrisLandauUSA Saludos desde Deal, NJ 
NoGloveD, Tue Jan 26 06:08:16 +0000 2021, -91.829228, 30.333447, ion even watch basketball but yall niggas be funny asl üòÇüòÇ 
dhmontgomery, Tue Jan 26 06:08:16 +0000 2021, -93.262046, 44.970610, @EvanSchultheis 1961 Antietam centenary? Wouldn‚Äôt that have been 1962? 
lancegregmason, Tue Jan 26 06:08:16 +0000 2021, -85.768241, 37.822244, @MedusaBaked Because  we're dumb. 
jordancaballero, Tue Jan 26 06:08:16 +0000 2021, -119.306608, 37.269176, @cherylecious üôèüèº 
noofugazy, Tue Jan 26 06:08:17 +0000 2021, -75.117998, 40.004866, one punch man would really smoke all them humanoids from attack on titan üò≠ #AttackOnTitan 
nolimitdajon202, Tue Jan 26 06:08:17 +0000 2021, -77.014398, 38.898603, Add me on Snapchat! Username: nolimitdajon301 https://t.co/TMBKg2UmcZ https://t.co/9GkdVHLQkI 
LifeNLasVegas, Tue Jan 26 06:08:17 +0000 2021, -117.022695, 38.502147, @VitalVegas @LasVegasLocally @jgumalo_62 https://t.co/NlZ03ybUYj 
vnd_r3s, Tue Jan 26 06:08:18 +0000 2021, -118.035289, 34.070871, Goodnight https://t.co/9YI80x2CaP 
livmoods, Tue Jan 26 06:08:18 +0000 2021, -104.976767, 39.534794, @BookitHQ don‚Äôt give MikeyOver the satisfaction Bookit. Jesus 
galiotacabron, Tue Jan 26 06:08:18 +0000 2021, -122.330602, 47.614817, @FerMG89405400 8 president Bukele. 
LovelyBlunts, Tue Jan 26 06:08:18 +0000 2021, -117.035027, 32.985291, I disagree with this. I don‚Äôt do shit 100% for male attention lmfao tf. 
SDCA010, Tue Jan 26 06:08:18 +0000 2021, -116.918445, 32.760825, @TimNoEgo So I guess he is a wanker. 
beerm3rmaid, Tue Jan 26 06:08:19 +0000 2021, -121.172848, 38.667887, apparently my hair has once again crossed that invisible threshold only strangers can see that makes them say ‚Äúoh m‚Ä¶ https://t.co/wPGK3MtHlR 
janetprz08, Tue Jan 26 06:08:19 +0000 2021, -119.306608, 37.269176, I love my 8th graders! The sass! The drama! The activism! ‚ù§Ô∏è‚ù§Ô∏èüëèüèΩüëèüèΩ 
SuebobMua, Tue Jan 26 06:08:19 +0000 2021, -116.979453, 33.784916, This 
joeykennedy, Tue Jan 26 06:08:19 +0000 2021, -86.793917, 33.542237, @MedusaBaked I don‚Äôt question any of your choices. Indeed, I‚Äôm motivated by them. üôèüò∑ 
katsuaz, Tue Jan 26 06:08:19 +0000 2021, -97.135638, 32.701850, I miss you so much @juleslandryy 
maddymaelie, Tue Jan 26 06:08:19 +0000 2021, -97.285913, 32.779967, @mikedarmon My Thoughts Exactly 
G5Living, Tue Jan 26 06:08:19 +0000 2021, -79.272570, 43.629311, Lol had to work the wrist today 
LoudFlavor, Tue Jan 26 06:08:20 +0000 2021, -93.955918, 29.901544, i love this lmao https://t.co/5K4kmLYtBy 
AyeYoD1Flem, Tue Jan 26 06:08:20 +0000 2021, -81.469684, 28.586642, Let me go follow you what‚Äôs your IG 
schneider, Tue Jan 26 06:08:20 +0000 2021, -118.411907, 34.020789, @M_Sahli_Wells Can you get them to stop endorsing climate change deniers like @PaulKoretzCD5 ? 
09Mark1, Tue Jan 26 06:08:20 +0000 2021, -71.088712, 42.313670, @SPWTalessia Shines always fighting for trinkets instead of a plan https://t.co/Eqf73Spfy4 
luh_jaycarter, Tue Jan 26 06:08:20 +0000 2021, -85.812235, 33.678802, Leh me put my phone on the charger 
tricks_nonsense, Tue Jan 26 06:08:20 +0000 2021, -104.789327, 38.888519, @Brian_Spann OnlyAnimes 
jimmyjohnneck, Tue Jan 26 06:08:21 +0000 2021, -97.754724, 30.323346, The way I want one of these sooooo bad 
StuffyWings4, Tue Jan 26 06:08:21 +0000 2021, -96.932840, 33.170366, @FatalGlytch @OrganyzedG üòÇü•∞ 
bamatop89, Tue Jan 26 06:08:21 +0000 2021, -84.433106, 33.767195, Jacking before work https://t.co/ofHIUi5199 
veykookie, Tue Jan 26 06:08:21 +0000 2021, -79.272570, 43.629311, adobong pusit/pork and TUYO 
DanielbeastFk, Tue Jan 26 06:08:21 +0000 2021, -106.417430, 31.793368, Not gonna lie i slept all day, skipped the gym, relaxed and had a couple of drinks and honestly it was much needed,‚Ä¶ https://t.co/nu72Bo5eAn 
BonsaiAudio, Tue Jan 26 06:08:21 +0000 2021, -119.132102, 46.245556, Bonsais got to take a field trip today. #bonsai #train #bnsf #bonsaitree #art https://t.co/WPdOP7u4AD 
aholmaas, Tue Jan 26 06:08:21 +0000 2021, -93.262046, 44.970610, @JohnLampson Really appreciate the offer! Turns out none of my bands have anything on the books right now so I‚Äôm all right for now. 
barnErebel, Tue Jan 26 06:08:21 +0000 2021, -81.958201, 42.163991, @XboxCanada My 360 special edition works better than my 1. Origonal Controllers still still work fine w/360 special edition 
Bandz_Margera, Tue Jan 26 06:08:22 +0000 2021, -90.247824, 38.653771, @Keem_o_Dolla314 Lol First Pic Cruz, Second Pic Zero lol 
Virgini81820714, Tue Jan 26 06:08:22 +0000 2021, -117.851089, 33.842863, @latelateshow @halsey Yeah well still awake and the night sky is gorgeous. 
tashalynndunn, Tue Jan 26 06:08:22 +0000 2021, -85.380540, 39.932606, @LoyaltyComp @K9thegoat23 https://t.co/FQCLFmG39a 
alyssa_claire14, Tue Jan 26 06:08:22 +0000 2021, -92.633835, 32.536900, What other people think about you has nothing to do with you and everything to do with them. 
CioBeats, Tue Jan 26 06:08:22 +0000 2021, -122.272100, 37.802900, Some new west coast vibes for @bgperico ‚Ä¢‚Ä¢‚Ä¢#westcoast #sowayout #beatstars #newbeats2021 #instrumental‚Ä¶ https://t.co/29Iz1oBADs 
GameTru, Tue Jan 26 06:08:22 +0000 2021, -75.115313, 39.893291, @pinky_schultz @SerotoninsGone @CompoundBoss I feel like you are really showing some aggression here, why? ... Who hurt you? 
DemonInMeCA, Tue Jan 26 06:08:22 +0000 2021, -121.873730, 37.331159, üñ§üñ§ 
SpeedyVeez, Tue Jan 26 06:08:22 +0000 2021, -119.306608, 37.269176, @Stckysheets @deemishell @CJReformPatriot Oh transferring..mingle time watch the numbers. I'd put the books in a ba‚Ä¶ https://t.co/AE7zXbTyNc 
o_gkilla, Tue Jan 26 06:08:23 +0000 2021, -74.724323, 40.073041, Would a tiger eat a praying mantis? Ofc. Were they created by mantid aliens? Probabafuckinglee. 
Prodikal_son, Tue Jan 26 06:08:22 +0000 2021, -97.114771, 33.202495, Valentine‚Äôs Day is approaching 
AmigoIvy, Tue Jan 26 06:08:23 +0000 2021, -89.876449, 32.571032, @theyl0veAK_ Happy Birthday üñ§ 
hjoymuenzler, Tue Jan 26 06:08:23 +0000 2021, -96.291649, 30.585471, someone needs to force feed me lmaooo i haven‚Äôt eaten a meal in 72 hours 
deniseNJrealtor, Tue Jan 26 06:08:23 +0000 2021, -74.485163, 40.785951, Someone does not know that she's a dog.#workinglate #shemissedme #Lucy #thebaby #lucyimhome #thisisnotnormal‚Ä¶ https://t.co/qEGVNshqyL 
ceexcyn, Tue Jan 26 06:08:23 +0000 2021, -158.086384, 21.364071, @pitachulaa I feel like my jaw is broken and I keep getting punched in the face over and over and over again üò© 
ghhabib_fa, Tue Jan 26 06:08:24 +0000 2021, -79.913521, 43.260695, @bohlool_dana ŸÖŸáŸÖ‚Äå ŸÜ€åÿ≥ÿ™. ÿß€åŸÜÿß ⁄©ÿßÿ±ÿ¥ŸàŸÜ ŸáŸÖ€åŸÜŸá.  #ÿ®ÿ±ÿßŸÜÿØÿßÿ≤_ÿ≤€åÿ±_Ÿæÿ™Ÿà€å€å‚Äå ü§£ ÿ®ÿ≤ÿß ÿßÿ≥ŸÖ ŸÖŸÜ Ÿà €åÿßÿØÿØÿßÿ¥ÿ™ ⁄©ŸÜŸá. :)) 
tiramisu27, Tue Jan 26 06:08:23 +0000 2021, -80.112903, 26.533486, @lilisofancy @LuxuryNaked https://t.co/0OFYv2Bg7T 
Midpacklikback, Tue Jan 26 06:08:24 +0000 2021, -122.228685, 37.791994, I need some more wine 
Missaelcortees, Tue Jan 26 06:08:24 +0000 2021, -79.272570, 43.629311, Esos que se burlan de los que graban los atardeceres de seguro no saben tomar buenas fotos y por eso el hate. 
Rasanbesa, Tue Jan 26 06:08:24 +0000 2021, -77.014398, 38.898603, @Comethazhine @GoatRant7 @AnotherNBAFan I have already said that I misspoke. How about you try clicking the replies‚Ä¶ https://t.co/HizU87qqCr 
oscararmandojr, Tue Jan 26 06:08:24 +0000 2021, -118.027895, 33.936153, I love my life 
C_Christinecl, Tue Jan 26 06:08:24 +0000 2021, -90.178629, 30.001244, DUH 
ahuntsbe128, Tue Jan 26 06:08:24 +0000 2021, -78.398900, 40.507190, I feel like this is the epitome of a grandpa selfie for Levi. üòÇüòÇ#dogsofinstagram #lifeoflevi #selfiebygrandpa @ Al‚Ä¶ https://t.co/8iqu3rFFPi 
Kiddie_A, Tue Jan 26 06:08:25 +0000 2021, -119.782465, 36.786042, ü§£ü§£ü§£ü§£ü§£ 
roberts52063928, Tue Jan 26 06:08:25 +0000 2021, -95.913642, 36.109392, @Pixeldoggie2003 @McJuggerNuggets @Lyricoldrap @BridgetteWest @YegsTv I know right I think they both are out of control at this point üòÇü§£ 
illiniracers, Tue Jan 26 06:08:25 +0000 2021, -86.631040, 36.073653, https://t.co/QbpY3ZVIS4 
AntMillerJr, Tue Jan 26 06:08:25 +0000 2021, -75.770041, 42.746617, Chrome Hearts ü§ûüèΩüñ§ 
connnniiieeee, Tue Jan 26 06:08:26 +0000 2021, -71.421832, 41.817084, It‚Äôs been a year üíú#RILKOBEüïä 
Maryjose16, Tue Jan 26 06:08:26 +0000 2021, -96.478398, 42.501412, Achis, achis. Que est√°n planeando? 
pikachuh0e, Tue Jan 26 06:08:26 +0000 2021, -79.272570, 43.629311, holy this is the second time i missed my exit smh 
MrsNac308, Tue Jan 26 06:08:26 +0000 2021, -118.411907, 34.020789, For #XAUUSD $1,735 my eyes there for a buy.. 
ChampagneBanksy, Tue Jan 26 06:08:26 +0000 2021, -82.672903, 27.795720, Entanglement hours 
Victorkenzz, Tue Jan 26 06:08:26 +0000 2021, -76.615181, 39.396352, maybe @awonderland can help me out lol girl you cool as hell!! maybe any miracles?? 
bruinrob11, Tue Jan 26 06:08:26 +0000 2021, -118.411907, 34.020789, @Chargers_Zone @Chargers yeah, me too. they standout. 
CoachSess_Chin, Tue Jan 26 06:08:26 +0000 2021, -111.947395, 40.656940, @GDWRKARTS Foe all y‚Äôall saying this iZz horrible iZz exactly why kids running around not respecting they parents l‚Ä¶ https://t.co/n3czM5E1At 
test5geo1798, Tue Jan 26 06:08:27 +0000 2021, -122.416738, 37.776796, TEST_PLACE: 5e0fcf17-cbd6-44f1-bc0e-ec1bba81365a 
Pilola562, Tue Jan 26 06:08:27 +0000 2021, -119.306608, 37.269176, @TheNickyBands @albe23g Real shit, I‚Äôd get heated when people would try to put him over Kobe lmao 
DakotaLeeDilley, Tue Jan 26 06:08:27 +0000 2021, -82.094494, 39.761726, @BuzzPatterson Internment would be a better charge 
QualOverQuan, Tue Jan 26 06:08:27 +0000 2021, -118.411907, 34.020789, @daasTRILL When does this drop? 
Raulzaazueta, Tue Jan 26 06:08:27 +0000 2021, -107.762357, 24.734035, Que mamada que quiten el juego de tomateros vs Hermosillo ya para terminarse @skycontigo 
amritbsingh, Tue Jan 26 06:08:27 +0000 2021, -112.424976, 33.412872, #HistoricTractorMarch 
anaystarr, Tue Jan 26 06:08:28 +0000 2021, -86.409610, 35.847420, The invites to my graduation is looking real small like i can count on one hand small 
JamesHartagram, Tue Jan 26 06:08:28 +0000 2021, -117.595728, 33.629414, @AlexVaz714 Incredible. Great series. 
ZeusAndreux, Tue Jan 26 06:08:28 +0000 2021, -84.433106, 33.767195, @SameOlDarius No hateration up in this here dancery https://t.co/pUpyrKyn8T 
nanasalazar, Tue Jan 26 06:08:28 +0000 2021, -79.272570, 43.629311, @Nkusu618 @achristiandavid @MariaFdaCabal En serio?? De matoneo y tal??? Pues por estar trabajando TANTO, para tene‚Ä¶ https://t.co/tsYvYd52RM 
QueenJAMES_2you, Tue Jan 26 06:08:28 +0000 2021, -84.385063, 39.242021, This wine doing me justice after studying üòå 
g0rmsy, Tue Jan 26 06:08:28 +0000 2021, -105.063942, 40.564190, on a scale of Dirty Sprite 1 to Dirty Sprite 2 where does Pluto rank in Future‚Äôs discography? 
_balushi99, Tue Jan 26 06:08:28 +0000 2021, -122.630908, 45.536402, @xlxk0 ÿ´ÿßŸÜŸÉŸäŸà üåöüôèüèª 
ohnoisitkasey, Tue Jan 26 06:08:28 +0000 2021, -118.411907, 34.020789, @LessikaJee @melanatedmomma I feel this üíØ. I journal (lists mainly) just purge everything and let the universe know‚Ä¶ https://t.co/Dsurp8NhA4 
WHOTFISC4, Tue Jan 26 06:08:29 +0000 2021, -95.446486, 29.838495, I be thinking people follow a nigga on accident 
meredithfl0yd, Tue Jan 26 06:08:29 +0000 2021, -74.184848, 40.734494, @banaryyy LMFAOOOOOOOOOOOOO WHAT 
JEllisP, Tue Jan 26 06:08:29 +0000 2021, -119.306608, 37.269176, @Acyn We will be able to forget about him and move on when this wanna be fascist dictator is adequately punished an‚Ä¶ https://t.co/jk4itAZm5H 
GuapLikeMari, Tue Jan 26 06:08:29 +0000 2021, -84.433106, 33.767195, Gotta keep me a box that‚Äôs mandatory‚ÄºÔ∏è https://t.co/Y6nkNLHOTy 
_sw253_, Tue Jan 26 06:08:29 +0000 2021, -111.931711, 34.168253, Goddamn Scorpion aged wellForgot how good of a album this was lmao 
gopTODD, Tue Jan 26 06:08:29 +0000 2021, -111.915910, 40.874536, @DJJazzyJody @TribTomWharton Screw Dean. What has he ever done fir you? 
lylegeorge, Tue Jan 26 06:08:29 +0000 2021, -122.330602, 47.614817, @bryanbehar As a former pillow salesman, I resemble this remark. 
ladystephaniee_, Tue Jan 26 06:08:30 +0000 2021, -112.124676, 33.552863, Missing this look ü•≤üòç https://t.co/8YXUsbC792 
YniguezJonathan, Tue Jan 26 06:08:30 +0000 2021, -89.069133, 30.426027, I don‚Äôt know what the fuck I‚Äôm doing anymore. 
aminaahmad, Tue Jan 26 06:08:30 +0000 2021, -118.411907, 34.020789, @West_Syed the quality stuff. none of this american brand chocolate. 
shleeco, Tue Jan 26 06:08:30 +0000 2021, -80.181835, 38.920142, feeling kind of off..ü•Ä 
drdawnffl, Tue Jan 26 06:08:31 +0000 2021, -86.585100, 36.307425, @WhiteHouse #bebark 
OptimusxxxPrime, Tue Jan 26 06:08:31 +0000 2021, -73.948775, 40.655138, @MojoDisco https://t.co/9Qq4xCGVJs 
rachelloumiller, Tue Jan 26 06:08:31 +0000 2021, -119.782465, 36.786042, üôèüèª Thank you Apple Watch for the flashlight feature. My pinkie toe does not support my gallon a day water intake. But you make it easier. 
Chykalet, Tue Jan 26 06:08:31 +0000 2021, -97.569671, 30.443039, Strawberry Cheesecake Ice Cream... 
MrKaress, Tue Jan 26 06:08:31 +0000 2021, -79.857363, 36.090397, Facts 
YogaLoveOakland, Tue Jan 26 06:08:32 +0000 2021, -122.274410, 37.829154, Just posted a photo @ YogaLove, Oakland https://t.co/8KoyPdVOSW 
cookheather18, Tue Jan 26 06:08:33 +0000 2021, -77.450244, 38.770885, People will talk shit about you then smile in your face and text you the next day acting like nothing even happened. Makes me sick 
fagg951, Tue Jan 26 06:08:33 +0000 2021, -84.266174, 30.476216, @ricanrootz üëã 
a_mcfall11, Tue Jan 26 06:08:33 +0000 2021, -92.436774, 38.304558, @Joy_Villa They are grasping at straws because all their dirt is about to be published!! Eeekkk can‚Äôt wait!! 
KENJR__, Tue Jan 26 06:08:33 +0000 2021, -90.479380, 30.482053, @SYDNIH_ Aw.. AWW. Mhm .. ok 
haykaye03, Tue Jan 26 06:08:34 +0000 2021, -100.076888, 31.168893, my entire heart https://t.co/6yFTZvgOEa 
ritamary6, Tue Jan 26 06:08:34 +0000 2021, -117.253906, 33.045009, @1CPL_Landman @cmdsteeler @stuartpstevens @HawleyMO @ProjectLincoln No they are not two of the Senators who went to‚Ä¶ https://t.co/Q3ChjiJzuM 
DjSyncity, Tue Jan 26 06:08:34 +0000 2021, -84.433106, 33.767195, https://t.co/QEDB72Apbj 
3Abiamalik, Tue Jan 26 06:08:34 +0000 2021, -73.831187, 40.670879, @OfficialIshrat The wonderful madam 
RaLo_GoD, Tue Jan 26 06:08:34 +0000 2021, -91.401008, 30.937336, @XboxRagnar @bethesda @XboxP3 Who tf is Buthesda????? 
gabesaenz7, Tue Jan 26 06:08:34 +0000 2021, -104.789327, 38.888519, Majority of doctors are advising against masks, vaccines and lockdowns. Many pediatricians have come forward saying‚Ä¶ https://t.co/rwqRvigPWZ 
CashyyVeno, Tue Jan 26 06:08:35 +0000 2021, -87.732013, 41.833585, Jus came from bae‚Äôs house and I have one thing to say, I miss my girlfriend and I love her. That is all 
MenendezRand, Tue Jan 26 06:08:35 +0000 2021, -109.901602, 31.413574, @lalasoo So many tangents below the suface of the primary Covid-19 stories. 
dreamarlowe85, Tue Jan 26 06:08:35 +0000 2021, -88.324649, 36.612349, "Tiger" is four hours of raw, uncut footage of a rise, fall, and rise of golf's greatest. It's not pretty, but it's‚Ä¶ https://t.co/sBCUGxjsfs 
NofinesseDre, Tue Jan 26 06:08:35 +0000 2021, -91.090800, 30.459100, Wait till y‚Äôall see Manbun Erenüò≠üíÄ 
pinchinaranjera, Tue Jan 26 06:08:35 +0000 2021, -111.498181, 28.969863, Dos mas naranjitas!!!! 
RobertT36652227, Tue Jan 26 06:08:35 +0000 2021, -157.799589, 21.319944, @MizzzAlia We might get down to the high 60s tonight 
6la6diablita_6, Tue Jan 26 06:08:35 +0000 2021, -117.480990, 33.994912, @_valenzuela28 I'm so mad there's only one damn season 
FrontRowFlynn, Tue Jan 26 06:08:36 +0000 2021, -118.411907, 34.020789, @therealrogden https://t.co/sX6Lk82hg7 
thefirstbroseph, Tue Jan 26 06:08:36 +0000 2021, -89.266508, 39.739300, professional baseball player for the @Cardinals üíØ 
StealthGrayExt, Tue Jan 26 06:08:36 +0000 2021, -97.285913, 32.779967, Damn. It‚Äôs really been a year already. 
IAmRobRyan, Tue Jan 26 06:08:36 +0000 2021, -118.411907, 34.020789, @PeterAbraham @erinstrout Consider it done ‚úÖ https://t.co/yon1NqjSth 
bjorzh, Tue Jan 26 06:08:36 +0000 2021, -106.162898, 28.941866, Me pusieron un altar...üôà https://t.co/JF9cl4C6yB 
dorantes996, Tue Jan 26 06:08:37 +0000 2021, -117.887439, 33.739992, Simple 
bluedreamsxo, Tue Jan 26 06:08:37 +0000 2021, -87.837198, 41.747512, Ion wanna do it 
FreeMakaila, Tue Jan 26 06:08:37 +0000 2021, -84.266174, 30.476216, @natieshh LMFAO I didn‚Äôt know no better back then 
UGottaLuvMont, Tue Jan 26 06:08:37 +0000 2021, -80.926628, 33.631140, @soygatita11 Awwww thanks bae 
augustomdz, Tue Jan 26 06:08:37 +0000 2021, -100.640491, 25.805723, @ML_Mexico Acabo de ser estafado mediante @MercadoPagoMex y ellos la soluci√≥n que te dicen es que hables con el ven‚Ä¶ https://t.co/iLKIqiXuU5 
_searedsalmon, Tue Jan 26 06:08:37 +0000 2021, -122.330602, 47.614817, I need to be sippin on coconut water in Vietnam rn tf 
Dortch_Boy76, Tue Jan 26 06:08:37 +0000 2021, -95.968273, 41.292944, So i told her bout the fire &amp; the snow &amp; We Laughed &amp; Choppedüì± it up bout How we cud Make This ideal Happen!! &amp; We‚Ä¶ https://t.co/becBcc4Q7r 
Paoocasti, Tue Jan 26 06:08:38 +0000 2021, -100.293591, 25.641718, @DanielaMt98 No manches amiga :( 
Neg_Lagonav, Tue Jan 26 06:08:38 +0000 2021, -76.255686, 36.895082, @Its_Feddy Hahaha men mwen wi Cherie 
highflight53, Tue Jan 26 06:08:38 +0000 2021, -118.918886, 34.188478, @kirstiealley I D Should be MandatoryBut it won't be now 
Shawdaaaa, Tue Jan 26 06:08:38 +0000 2021, -95.446486, 29.838495, I hate y‚Äôall ignorant ass people especially with big followings. üôÑ 
test5geo1798, Tue Jan 26 06:08:38 +0000 2021, -122.416738, 37.776796, TEST_PLACE: e0d6aa6e-c214-4b22-b1ab-6b5c2a14dbd3 
LordBlastington, Tue Jan 26 06:08:38 +0000 2021, -123.130836, 49.174242, @Viktor4Liberty Believe it's for the purpose of barring him for running for office again 
mikewoods104, Tue Jan 26 06:08:39 +0000 2021, -117.072318, 33.120359, @Hinesite @FanDuel A low level earth orbit 
CaptainPuckPain, Tue Jan 26 06:08:39 +0000 2021, -75.800141, 45.248791, @rymkrs Why are you sooooo negative. Can‚Äôt you just focus on the good things the team accomplished tonight 
erikthureson, Tue Jan 26 06:08:39 +0000 2021, -112.124676, 33.552863, @seanholladay https://t.co/4V5ZWXQIyz 
Butter72035882, Tue Jan 26 06:08:39 +0000 2021, -87.732013, 41.833585, @bales1181 @ithrah69 @filmizon @JanuaryMovie @VaderJaws Losing all that weight 
kenlerma, Tue Jan 26 06:08:39 +0000 2021, -98.540651, 29.417501, @andreacxrolina no lol come closer https://t.co/AMdeVNMBA3 
ARebecaNavarro, Tue Jan 26 06:08:39 +0000 2021, -111.498181, 28.969863, Hace mucho que no me preocupaba tanto 
in_fraser, Tue Jan 26 06:08:40 +0000 2021, -122.267075, 49.086996, @Canucks @TD_Canada Nice win. A win that we need to get back on track... now keep it up. 
9thwardGoouch, Tue Jan 26 06:08:40 +0000 2021, -84.204636, 33.904034, Great form from where I'm standing @ Planet Fitness https://t.co/TRiY9OiNjQ 
kevinlapp21, Tue Jan 26 06:08:40 +0000 2021, -79.328789, 42.435967, @Sites4Congress @SpiroAgnewGhost Looking forward to donating in 2 years assuming Jordan‚Äôs not trying to net Portmans seat 
rosariobeltran_, Tue Jan 26 06:08:40 +0000 2021, -110.854585, 24.107997, @KarlaCastanedaZ X2!! 
flea_photo, Tue Jan 26 06:08:40 +0000 2021, -118.411907, 34.020789, https://t.co/Vb8Fb0RzRV 
kelserz2123, Tue Jan 26 06:08:40 +0000 2021, -110.915573, 32.189391, Do you ever look back and think if you will ever be friends with someone again that you use to be friends with? 
hanukkahlewins, Tue Jan 26 06:08:41 +0000 2021, -81.109617, 32.017285, @itslilgambino i‚Äôm bothered! 
vannasmiless, Tue Jan 26 06:08:41 +0000 2021, -95.446486, 29.838495, @kayyDione thank you babe ü§é 
pslarson2, Tue Jan 26 06:08:41 +0000 2021, -69.649701, 44.546713, Crazy to think that guys (yes, guys) used to walk out of a masters program straight into tenure 
stillaBreckGirl, Tue Jan 26 06:08:41 +0000 2021, -71.114393, 42.044572, Someone needs to explain Twitter rules to me. I thought you ignored a comment from someone you didn't want to chat‚Ä¶ https://t.co/Vfo3tvP2kt 
lewischilton, Tue Jan 26 06:08:41 +0000 2021, -118.199716, 34.210634, @MikeGriffith32 Every program dominates the off-season in the weight-room.  Ask Tennessee. 
andrewr44048438, Tue Jan 26 06:08:42 +0000 2021, -97.863458, 29.989242, @TonyisFuego Damn 
barnacleboi777, Tue Jan 26 06:08:42 +0000 2021, -118.411907, 34.020789, dam i havent played a video game in 4 months lmao i kinda miss that shit 
curlylockx13, Tue Jan 26 06:08:42 +0000 2021, -156.296320, 20.898318, ü§£‚õµ 
SuebobMua, Tue Jan 26 06:08:42 +0000 2021, -116.979453, 33.784916, @shawtyastrology Major. So interesting to me. 
spear_of_stars, Tue Jan 26 06:08:42 +0000 2021, -71.165499, 42.649235, @RandPaul Rand...a life hack for you: If you have Nazis on your side...find another fucking side. Or fuck you. https://t.co/X3qPiTCBEd 
CarlosSoto1922, Tue Jan 26 06:08:43 +0000 2021, -111.498181, 28.969863, @JudithCohen23 Te amoooooüòçüòçüòç 
KCooper12187, Tue Jan 26 06:08:43 +0000 2021, -83.804475, 27.698682, @schumannbot You play the Most beautiful #MusicforOurSouls 
irootsorg, Tue Jan 26 06:08:43 +0000 2021, -86.441236, 39.766555, @RealSaavedra @Google I demand Google fund these heroes! https://t.co/2QcKoveUnM 
lexxiholt, Tue Jan 26 06:08:43 +0000 2021, -104.789327, 38.888519, @morphew_caterra i love you immensely ü§ç 
_keelahhh_, Tue Jan 26 06:08:43 +0000 2021, -92.633835, 32.536900, i want a new tattoo so fucking bad 
BrownJacquelyn, Tue Jan 26 06:08:43 +0000 2021, -119.827182, 39.512436, @SenSchumer Thank you Senator Schumer for not standing down and sticking to what is important. May God keep and Ble‚Ä¶ https://t.co/hGOjGzKeXi 
Flyingace773, Tue Jan 26 06:08:44 +0000 2021, -122.266787, 37.554668, @mima86254028 mima„Åï„Çì„Åì„Çì„Å´„Å°„ÅØüòÉ„É≠„Çπ„Å´ÊØî„Åπ„Å¶„Ç∑„Çπ„Ç≥„ÅØËÇåÂØí„ÅÑÊó•„ÄÖ„Åß„Åôü•∂Êó•Êú¨„ÅÆÊúÄ‰ΩéÊ∞óÊ∏©„Å£„Å¶„ÄÅÁ¢∫„ÅãÊó≠Â∑ù„ÅÆÂåó„Å´„ÅÇ„ÇãÂπåÂä†ÂÜÖÁî∫„Åß„Åô„Çà„Å≠„ÄÇÂåóÊµ∑ÈÅì„ÅØÂ§ßÂ≠¶ÊôÇ‰ª£„Å´ÈöÖ„ÄÖ„Åæ„ÅßÂõû„Å£„Åü„ÅÆ„Åß„Åù„ÅÆ„Ç®„Éî„ÇΩ„Éº„Éâ„ÇÇË®òÊÜ∂„Å´„ÅÇ„Çä„Åæ„Åô‚õÑÔ∏è„Åæ„Åó„ÇÉÊ¥ª‚Ä¶ https://t.co/Fu8vLysMQx 
ELI5AMEND0ZA, Tue Jan 26 06:08:44 +0000 2021, -98.239328, 27.760312, @_XoMeris of course! can‚Äôt wait ü§† 
GE0V4NNI, Tue Jan 26 06:08:44 +0000 2021, -97.935192, 29.895606, Eating my first meal of the day rn 
Turbofargo, Tue Jan 26 06:08:44 +0000 2021, -117.363067, 34.531222, The #Rams are getting a lot of subtraction lately, hopefully will hear of some quality additions fairly soon. Make the bad news stop! 
SCFiebre, Tue Jan 26 06:08:44 +0000 2021, -117.603783, 34.045158, "Here's incredible pre-draft footage of Kobe Bryant few knew existed"  https://t.co/YXZntoo13e 
AOSpeedwagon, Tue Jan 26 06:08:44 +0000 2021, -117.104989, 32.810012, @ItionoBen @MasterTP1 I have a dope cyber dragons build that‚Äôs been tearing ass. Big recommend 
curmudgley, Tue Jan 26 06:08:44 +0000 2021, -121.947291, 36.997949, @lilsarg @Popehat jesus fucking christ 
Morbydly__Obese, Tue Jan 26 06:08:45 +0000 2021, -119.175940, 46.199292, @tj_rea6 i‚Äôm slacking. Do they exist? I can‚Äôt exclude my fellow Gluten-free/celiac friends or guests. Imagine comin‚Ä¶ https://t.co/GDM0MOYkI4 
KathrynTakis, Tue Jan 26 06:08:45 +0000 2021, -118.397222, 33.864836, @LtUhura2017 Shitheads 
mystdiva, Tue Jan 26 06:08:55 +0000 2021, -118.411907, 34.020789, Now you in love bitch? Oh that‚Äôs wassup bitch, you dumb cause now you stuck bitch üó£ 
wallyworld24, Tue Jan 26 06:08:55 +0000 2021, -71.110820, 42.424952, As a 13yr catholic school vet a podcast dicussing religion ALONG with stories of @UncleChaps the YOUTH MINISTER and‚Ä¶ https://t.co/gjFS4fahSk 
KSK______, Tue Jan 26 06:08:56 +0000 2021, -83.771686, 31.963553, When I get my own nigga Ain gone know how to act ü§£ü•∞ 
Xyzaiah, Tue Jan 26 06:08:56 +0000 2021, -98.319925, 38.498196, The interest and dangers of a wandering mind. 
DreLee863, Tue Jan 26 06:08:56 +0000 2021, -83.804475, 27.698682, @GoldMoonz or could be bigger than amazon ü§´i read something that say in 15 years humans could be living in space,‚Ä¶ https://t.co/fr1KdN9oYr 
AlexsRuiz, Tue Jan 26 06:08:56 +0000 2021, -111.498181, 28.969863, ¬øDe que se va a quejar el Benja hoy?üçÖ 
Estefany_rt19, Tue Jan 26 06:08:56 +0000 2021, -80.233328, 25.782353, @Rafabusp_ Mira donde estoy, ridi 
ItzayanaCarrera, Tue Jan 26 06:08:56 +0000 2021, -114.296519, 31.992337, Ya podre dormir agusto, @ClubNaranjeros ganando como siempre üòåü•≥üçä 
Davidb9691, Tue Jan 26 06:08:57 +0000 2021, -117.851089, 33.842863, @pokimanelol @fuslie Hope @edisonparklive  sees this one! Lol 
MsLameyLynn, Tue Jan 26 06:08:57 +0000 2021, -92.436774, 38.304558, When personal accountability falls incredibly short. #boycottboulevardbrewing 
vauchonj_, Tue Jan 26 06:08:57 +0000 2021, -90.011008, 29.982601, ‚ÄºÔ∏è 
tationa_rylee, Tue Jan 26 06:08:57 +0000 2021, -81.705467, 41.495940, @onlyonedeeee üòÇyup 
MrKaress, Tue Jan 26 06:08:57 +0000 2021, -79.857363, 36.090397, Energy accepted 
johnjpollard, Tue Jan 26 06:08:57 +0000 2021, -80.247682, 43.596625, @raesanni GOATS get a pass, apparently. 
Zsoka127, Tue Jan 26 06:08:58 +0000 2021, -80.817245, 41.235332, @funder Hell yes 
darlaxjoy, Tue Jan 26 06:08:58 +0000 2021, -118.411907, 34.020789, people complaining about california reopening are the same people i‚Äôve seen going out, getting their hair done, at‚Ä¶ https://t.co/wUTTRv7w7m 
scraptordelight, Tue Jan 26 06:08:58 +0000 2021, -75.150976, 40.091507, Matt Gaetz is the zenith of tools #MattGaetzIsATool 
jeffdavisshow, Tue Jan 26 06:08:58 +0000 2021, -97.607020, 30.460444, @jeffdavisshow #golferWhere Legends are Made- jd https://t.co/EXhLSVnLSo 
sweatboxprogram, Tue Jan 26 06:08:59 +0000 2021, -71.088712, 42.313670, @TheLakeShow4L Yeah. I also so the unnecessary  presser the PR department forced LaMelo to do after practice. Coach‚Ä¶ https://t.co/gRFWPDrCow 
fancyscholar, Tue Jan 26 06:08:59 +0000 2021, -89.922029, 35.133521, The Wabash, on my way to and from grad school each day, followed closely by the Tennessee 
_kingcourt, Tue Jan 26 06:08:59 +0000 2021, -92.633835, 32.536900, closed mouths don‚Äôt get fed üòå 
Mikeburns215, Tue Jan 26 06:09:00 +0000 2021, -75.117998, 40.004866, Iwslmehpaaftb 
Buddhabman, Tue Jan 26 06:09:00 +0000 2021, -118.411907, 34.020789, @GOPLeader  So overheated talk about Medicare 4 all, Social and Environmental Justice, and how much of a grifter Mo‚Ä¶ https://t.co/B8ey4RXPBd 
Maniposts, Tue Jan 26 06:09:00 +0000 2021, -85.705493, 32.423363, Man this craving too dangerous 
ReneeDuluth4th, Tue Jan 26 06:09:00 +0000 2021, -92.122840, 46.758335, Thank you‚Äô chimiigwitch! 
LorieSchollenb1, Tue Jan 26 06:09:00 +0000 2021, -76.137599, 40.348914, Matt Gaetz needs to be expelled and and never allowed to hold elected seat again! 
dorkydarien, Tue Jan 26 06:09:01 +0000 2021, -118.411907, 34.020789, @TherealMsL0ndon ‚ùÑÔ∏è‚ùÑÔ∏è‚ùÑÔ∏è‚ùÑÔ∏è 
Khowhala, Tue Jan 26 06:09:01 +0000 2021, -84.266174, 30.476216, You was so good, idk why I waited so long to watch it. 
frankplunkett, Tue Jan 26 06:09:01 +0000 2021, -75.016369, 39.912821, @JaneMoneypenny Looks interesting. 
CReece_KA, Tue Jan 26 06:09:01 +0000 2021, -91.401008, 30.937336, @stoolpresidente on #JRE is what the people need! @joerogan 
Tatum_Hines, Tue Jan 26 06:09:01 +0000 2021, -97.908764, 31.121471, i love pasta so much 
MichaelEHuck, Tue Jan 26 06:09:01 +0000 2021, -89.876449, 32.571032, @LesserFrederick According to the leading cancel culture hysterics anyone who leaves a job now must come out and pr‚Ä¶ https://t.co/olpEFWRxTw 
UGottaLuvMont, Tue Jan 26 06:09:01 +0000 2021, -80.926628, 33.631140, Y‚Äôall starting titty Tuesday early? 
peterbowes, Tue Jan 26 06:09:02 +0000 2021, -118.503259, 34.415631, Now it‚Äôs flood season, after the fires. 
tobinhoops, Tue Jan 26 06:09:02 +0000 2021, -104.922093, 39.713563, How do people watch my tiktoks and not like them I‚Äôm literally the funniest person I know 
DJBurnfanpage, Tue Jan 26 06:09:02 +0000 2021, -118.346153, 33.953633, @JustPunforfun Unity will come after those who committed the crime do the time, unity will come after I get closure https://t.co/UbR2XOOzmK 
PrynceDAMO, Tue Jan 26 06:09:02 +0000 2021, -85.708795, 42.897879, @imabihh2 Wtf kinda shoes 
NayaHernandez6, Tue Jan 26 06:09:02 +0000 2021, -117.915261, 34.138088, @Lesdoggg Gworl ü§£ü§£ü§£ü§£ü§£ 
John_Ny05, Tue Jan 26 06:09:03 +0000 2021, -79.943748, 43.523123, Isipin mo, inisip mo cya tas d ka niya iniisip? Wag muna isipin kasi masakit isipin... 
mariolinton, Tue Jan 26 06:09:03 +0000 2021, -73.849441, 40.850347, @monsoon2112 Im sure! Can‚Äôt wait til they unveil it next week!! 
long_ter, Tue Jan 26 06:09:03 +0000 2021, -122.585450, 45.149908, @fox12oregon "Released on his own recognizance". White privilege. JFC. How much you want to bet he goes back to th‚Ä¶ https://t.co/snbv03dSX4 
sierrasaenzz, Tue Jan 26 06:09:03 +0000 2021, -122.284264, 47.176459, i want someone to fight for me and not let me leave 
jagv77, Tue Jan 26 06:09:03 +0000 2021, -109.204046, 31.022730, ah√≠ s√≠ est√° cayendo macizo..lo curioso que estamos a 35 km de distancia..pero ah√≠ es m√°s alto 
Hankin57, Tue Jan 26 06:09:03 +0000 2021, -88.142512, 41.519556, @paxbonum33 The idiotic BS continues. 
AlexPiedras1, Tue Jan 26 06:09:04 +0000 2021, -93.606369, 41.576437, @RepMattGaetz You wear makeup!üòÇüòÇüòÇ 
Jaycru13, Tue Jan 26 06:09:04 +0000 2021, -117.671611, 33.646347, @The_JackBrady He‚Äôs def hiding something 
dominicderosajr, Tue Jan 26 06:09:04 +0000 2021, -75.028639, 39.789530, In my head its hard to get aroundGet so lost and now I‚Äôm taking all the backstreets 
briianabink, Tue Jan 26 06:09:04 +0000 2021, -97.754724, 30.323346, ‚ÄúOh look at that‚Äù üò≠üò≠ 
Midwest_Eskimo, Tue Jan 26 06:09:04 +0000 2021, -86.142922, 39.779562, @Filthy_Gamer @Podgie_ is totally to blame 
IInam123, Tue Jan 26 06:09:04 +0000 2021, -80.476404, 43.430240, Faheem I think will bowl well on this #SAvsPAK 
pierettebarnes, Tue Jan 26 06:09:05 +0000 2021, -122.455344, 47.242960, My cat just be getting high af off her cat nip like DAMN bitch relax 
AnimalMemorial, Tue Jan 26 06:09:05 +0000 2021, -73.968542, 40.780709, @nytimesworld After the news broke that this man got covid, Twitter had to send a warning telling people to refrain‚Ä¶ https://t.co/hrEE5OVKMU 
RichKILLemALL, Tue Jan 26 06:09:05 +0000 2021, -73.948775, 40.655138, HOLY FUCK !!!!!! KING KONG 
zach_boyd56, Tue Jan 26 06:09:05 +0000 2021, -111.823006, 40.687107, I am simply drunk rn. Lemme vibe g 
marckodadon, Tue Jan 26 06:09:05 +0000 2021, -77.429164, 37.244620, Nahhh 
padenpur, Tue Jan 26 06:09:05 +0000 2021, -80.053252, 40.760196, @glennkirschner2 Exactly!! I‚ô•Ô∏è@jrpsaki 
linseywatsonn, Tue Jan 26 06:09:05 +0000 2021, -83.173867, 32.678207, i be starin @ this man while he sleep like aww toot ü•∫ü•∫ü•∫üòçüòÇ 
iitsRobie, Tue Jan 26 06:09:06 +0000 2021, -81.705467, 41.495940, To grown/big for that üßèüèæ‚Äç‚ôÄÔ∏è.. 
KingRovon, Tue Jan 26 06:09:05 +0000 2021, -78.895441, 35.990983, @600Breezy https://t.co/TnAd4Y5e09 
saturdaybloom, Tue Jan 26 06:09:06 +0000 2021, -97.753840, 31.079307, @Stoney2Krazy literally nothing i talk about is hypothetical. i can‚Äôt speak on no shit i haven‚Äôt lived through. 
CyberGopher, Tue Jan 26 06:09:06 +0000 2021, -83.804475, 27.698682, @chamath $SVFAU SoftBank SPAC for merger announcement this week on the next great Artificial Intelligence company i‚Ä¶ https://t.co/gyQ3aQ7F0y 
cookheather18, Tue Jan 26 06:09:06 +0000 2021, -77.450244, 38.770885, It‚Äôs the people you love the most who do it, too. 
iembot_pub, Tue Jan 26 06:09:06 +0000 2021, -105.290000, 39.000000, At 11:08 PM MST, 4 N Florissant [Teller Co, CO] TRAINED SPOTTER reports SNOW of 1.10 INCH https://t.co/7iMcAD14Tj 
jesuabones, Tue Jan 26 06:09:07 +0000 2021, -118.048242, 34.046252, Idk why tf I'm so manic rn. I'm supposed to have bipolar in. Fucking hell. 
TouchMyBrain, Tue Jan 26 06:09:07 +0000 2021, -73.948775, 40.655138, This resonates with my soul cause yeahhh 
_sammymoore_, Tue Jan 26 06:09:08 +0000 2021, -96.761753, 32.819858, @notlorenzo93 Same 
DavesPhotoLife, Tue Jan 26 06:09:08 +0000 2021, -107.756000, 32.261100, Snow! @ Deming, New Mexico https://t.co/J9IBlgbqCa 
iban_24, Tue Jan 26 06:09:08 +0000 2021, -78.853563, 42.896230, Love both of you ü•∫üôèüèΩüïä https://t.co/a908r8wpyK 
schmitthappenss, Tue Jan 26 06:09:08 +0000 2021, -90.351698, 38.586505, @wgm_v whew 
Shima_Valentine, Tue Jan 26 06:09:08 +0000 2021, -122.678249, 45.518237, City girls, we do city shit lol wtf? Lol @ Portland, Oregon https://t.co/zGEzVEwgt7 
Neccy_Pooh, Tue Jan 26 06:09:08 +0000 2021, -96.761753, 32.819858, why? Kobe year bro. 
RavenCherokee, Tue Jan 26 06:09:08 +0000 2021, -85.242564, 35.091954, Really just be up. 
imnotnick_, Tue Jan 26 06:09:09 +0000 2021, -95.228714, 29.660681, @ramirez1551 @mikeyboy_1726 As long as there‚Äôs blood 
illenikay, Tue Jan 26 06:09:09 +0000 2021, -100.076888, 31.168893, Those aren‚Äôt ur homegirls those are ur homeboysüíÄüíÄüíÄ 
divadarlings, Tue Jan 26 06:09:09 +0000 2021, -122.160223, 37.730725, Just posted a photo @ On The Runway https://t.co/y2UjriyRRk 
Josephbapetel, Tue Jan 26 06:09:09 +0000 2021, -119.306608, 37.269176, @H4YD4Y07 @kaay_127 @MolotovUSA @KodakBlack1k üò©üò©üíÄüíÄüíÄü§£ü§£ü§£ü§£üò≠üò≠üò≠üò≠üò≠I‚Äôm orbiting rn!!!! 
Shaniel_Dannon, Tue Jan 26 06:09:09 +0000 2021, -77.418002, 39.432037, @thegeorgeyou I‚Äôll never understand the criticism Pace gets for the Glennon signing. Pace made him like the 20th hi‚Ä¶ https://t.co/kwRH3oUjnz 
urgurlnet, Tue Jan 26 06:09:09 +0000 2021, -77.085747, 35.120205, Only insecurity I got is my teeth I‚Äôm  just so excited and ready to get em !! üòî 
RonRigdon, Tue Jan 26 06:09:10 +0000 2021, -90.450518, 38.510489, @SteveTempleton Come on Steve, order us a good snow storm.  Please!!!! üòÇ 
jaythepluggg19, Tue Jan 26 06:09:10 +0000 2021, -96.708628, 32.644815, I miss Houston and all the parties 
21Peeks, Tue Jan 26 06:09:10 +0000 2021, -116.929102, 32.332876, @_Abisai_ @GabrielaGL14 https://t.co/znFI8EVCgp 
jamesweber_, Tue Jan 26 06:09:10 +0000 2021, -117.173571, 34.052874, Already been a year since my idol passed. RIP Bean üñ§üíú #MambaForever https://t.co/yJKzW37ya6 
JustinGunderman, Tue Jan 26 06:09:11 +0000 2021, -92.131274, 34.751936, @MakeItRayn_ Yessssss baby 
PeterBerki, Tue Jan 26 06:09:11 +0000 2021, -118.411907, 34.020789, @ZeusOfOlympus7 @bubbaprog This is just plagiarism. Trump stole this look from Hugh Hefner. Hugh pulled it off better, though 
turbobat, Tue Jan 26 06:09:11 +0000 2021, -122.922991, 49.290417, #forest #floresta #bosque #forestphotography #fog #niebla #nevoa #landscape #paisagem #paisaje #barnet #vancouver‚Ä¶ https://t.co/sIVkB0tKP2 
D2Fresh812, Tue Jan 26 06:09:11 +0000 2021, -87.574691, 38.003467, Bored üòë 
Mswgm57, Tue Jan 26 06:09:11 +0000 2021, -76.558131, 39.146350, @StevenBeschloss @yoshiandpeanut Me too! I‚Äôm going to always remember January 6, 2021!!ü§¨üò°ü§Øü§¨ü§Øü§¨ü§¨ü§Øü§¨ 
andrewr44048438, Tue Jan 26 06:09:11 +0000 2021, -97.863458, 29.989242, @TrevorAIO Can I join 
iembot_rlx, Tue Jan 26 06:09:11 +0000 2021, -81.720000, 38.650000, [Delayed Report] On Jan 24, at 7:00 PM EST, 2 N Liberty [Putnam Co, WV] NWS EMPLOYEE reports SNOW of 0.50 INCH. EST‚Ä¶ https://t.co/8TnZ5A82il 
05Becka, Tue Jan 26 06:09:11 +0000 2021, -119.783900, 36.739800, Just posted a photo @ Fresno, California https://t.co/wHqBi5laGM 
DrYoFiggy, Tue Jan 26 06:09:11 +0000 2021, -84.481627, 42.746720, Me after doing 1 thing. üò© 
chris2fur_, Tue Jan 26 06:09:11 +0000 2021, -98.152419, 26.347525, faded https://t.co/pmAyDJgL1k 
suaviodadon, Tue Jan 26 06:09:12 +0000 2021, -92.342322, 34.721886, Money don‚Äôt make u real 
iembot_rlx, Tue Jan 26 06:09:12 +0000 2021, -79.990000, 38.400000, [Delayed Report] On Jan 25, at 6:00 AM EST, Snowshoe [Pocahontas Co, WV] CO-OP OBSERVER reports SNOW of 2.00 INCH.‚Ä¶ https://t.co/uEUMDHkumD 
pietrozna, Tue Jan 26 06:09:12 +0000 2021, -118.411907, 34.020789, @IadyIaura mas ele nao deixou cair, o bagulho quebrou por causa da temperatura hauahauahauha 
NWStornado, Tue Jan 26 06:09:12 +0000 2021, -85.562527, 33.934698, Tornado Warning including Piedmont AL, Nances Creek AL, Spring Garden AL until 12:45 AM CST https://t.co/QGGMhYCmAK 
realMcFlappy, Tue Jan 26 06:09:12 +0000 2021, -73.743119, 43.142682, Smoking Maverick gold tonightAnd a fresh coffee 
maddymaelie, Tue Jan 26 06:09:13 +0000 2021, -97.285913, 32.779967, @jgoocher1 @isacorlew You should be a therapist 
DJBurnfanpage, Tue Jan 26 06:09:13 +0000 2021, -118.346153, 33.953633, @BLaw Unity will come after those who committed the crime do the time, unity will come after I get closure https://t.co/UbR2XOOzmK 
acamposxo, Tue Jan 26 06:09:13 +0000 2021, -82.442694, 27.996595, Bro, time fucking FLIES 
JeffWhi64632512, Tue Jan 26 06:09:13 +0000 2021, -84.414911, 39.335215, @DrewStubbmuffin And eat it too , just sayin 
iembot_rlx, Tue Jan 26 06:09:13 +0000 2021, -81.790000, 38.290000, [Delayed Report] On Jan 25, at 6:00 AM EST, 3 E Alum Creek [Kanawha Co, WV] COCORAHS reports SNOW of 0.20 INCH. 24-‚Ä¶ https://t.co/0qNeKNpOpu 
bugattibrito, Tue Jan 26 06:09:13 +0000 2021, -96.961483, 32.863917, We‚Äôre sorry, the number you have dialed is unavailable at this time. 
AndrewLesher, Tue Jan 26 06:09:13 +0000 2021, -84.256139, 39.629944, #community #ianduncan 
Nirahh_, Tue Jan 26 06:09:13 +0000 2021, -74.184848, 40.734494, Foreverüòí 
iembot_rlx, Tue Jan 26 06:09:14 +0000 2021, -79.990000, 38.400000, [Delayed Report] On Jan 25, at 6:00 AM EST, Snowshoe [Pocahontas Co, WV] CO-OP OBSERVER reports SNOW of 11.00 INCH.‚Ä¶ https://t.co/3ApXt5D1Y6 
_Yunggenesis_, Tue Jan 26 06:09:14 +0000 2021, -80.122619, 26.721896, @weweremany AYOOOOO CHILL!!!!!! 
rnormfoto, Tue Jan 26 06:09:14 +0000 2021, -73.207838, 41.259947, @ChrisWitschy 
MattDeMicael93, Tue Jan 26 06:09:14 +0000 2021, -88.044261, 41.735146, PLEASE A. ID CRY AND ILL SEND YOU A PIC 
dawn_bristow, Tue Jan 26 06:09:15 +0000 2021, -119.306608, 37.269176, @TheRealDWoo That was my kids!üòÇüë∂‚ù§Awww- miss those days... 
UGottaLuvMont, Tue Jan 26 06:09:15 +0000 2021, -80.926628, 33.631140, @soygatita11 üòòüòò 
rossdevryanne, Tue Jan 26 06:09:14 +0000 2021, -117.022463, 32.633767, lady driven ;) https://t.co/6ff90fkhaJ 
iembot_rlx, Tue Jan 26 06:09:15 +0000 2021, -83.020000, 38.490000, [Delayed Report] On Jan 25, at 6:15 AM EST, Warnock [Greenup Co, KY] CO-OP OBSERVER reports SNOW of 0.20 INCH. 24-H‚Ä¶ https://t.co/TiA6xiEjwW 
stutchman_brian, Tue Jan 26 06:09:15 +0000 2021, -122.868989, 42.343589, @Super70sSports We gotta talk... 
babyheadass, Tue Jan 26 06:09:15 +0000 2021, -90.011008, 29.982601, @Maryjjimenezz Man me tooüòî 
JennaOrndorf, Tue Jan 26 06:09:15 +0000 2021, -73.956522, 40.772791, Just posted a photo @ Upper East Side https://t.co/NZwD68rZev 
sophsa, Tue Jan 26 06:09:15 +0000 2021, -79.272570, 43.629311, @hmwsgx yesssssssssss 
luhvjuicy, Tue Jan 26 06:09:16 +0000 2021, -84.475291, 33.657586, such a beauty ü•∞ 
iembot_rlx, Tue Jan 26 06:09:16 +0000 2021, -81.830000, 38.380000, [Delayed Report] On Jan 25, at 6:25 AM EST, Saint Albans [Kanawha Co, WV] CO-OP OBSERVER reports SNOW of 0.20 INCH.‚Ä¶ https://t.co/Pap8U91ZXH 
Williamsevenine, Tue Jan 26 06:09:16 +0000 2021, -116.929102, 32.332876, Login. 
Cossiima, Tue Jan 26 06:09:16 +0000 2021, -123.072515, 49.288236, lmao it‚Äôs MJ having an Instagram story highlight dedicated to kindness and women empowerment quotes... to then be u‚Ä¶ https://t.co/KgoWzfP1KB 
iembot_rlx, Tue Jan 26 06:09:17 +0000 2021, -79.820000, 38.290000, [Delayed Report] On Jan 25, at 6:30 AM EST, 3 NE Frost [Pocahontas Co, WV] CO-OP OBSERVER reports SNOW of 0.60 INCH‚Ä¶ https://t.co/VhADXMEPlX 
emilayyannne, Tue Jan 26 06:09:17 +0000 2021, -76.507809, 37.090301, @arizonashley @thatTXkid Sent my PayPal via dm :) 
LostDodgers, Tue Jan 26 06:09:17 +0000 2021, -81.367773, 28.501678, @Dodgers1819 https://t.co/qscXoM8t5s 
PinkCeIlphone, Tue Jan 26 06:09:17 +0000 2021, -81.393653, 28.664804, @troybwai bro.. 
SergioAntonio, Tue Jan 26 06:09:17 +0000 2021, -84.433106, 33.767195, @b0nillzz Nope, lol! The friend that brought me onboard is no longer active on it and a lot of people I follow have‚Ä¶ https://t.co/PRB36oeWna 
olen, Tue Jan 26 06:09:17 +0000 2021, -118.411907, 34.020789, @kaitlinfontana Let me find out 
1teee__, Tue Jan 26 06:09:18 +0000 2021, -75.117998, 40.004866, that‚Äôs why my new nigga got more pants than youüò≠üò≠üò≠üò≠üòÇüòÇüòÇ 
LegalBender0, Tue Jan 26 06:09:18 +0000 2021, -73.948775, 40.655138, üìÄ https://t.co/zx7VwZcsGx 
iembot_rlx, Tue Jan 26 06:09:18 +0000 2021, -80.960000, 38.780000, [Delayed Report] On Jan 25, at 6:30 AM EST, 3 NNW Rosedale [Gilmer Co, WV] CO-OP OBSERVER reports SNOW of 1.80 INCH‚Ä¶ https://t.co/ixET55h8MV 
BaltimoreGal, Tue Jan 26 06:09:18 +0000 2021, -76.620482, 39.284713, @RubyStiff @WFKARS @the_obp God, I HATE that band. 
nliber, Tue Jan 26 06:09:18 +0000 2021, -87.957862, 42.288720, @apardoe Are they expensive? 
Ovy_United, Tue Jan 26 06:09:18 +0000 2021, -96.761753, 32.819858, @kmmbd I loved it. 
_victoriiaam9, Tue Jan 26 06:09:19 +0000 2021, -122.479070, 37.616095, I seriously cannot stand Victoria from the bachelor she‚Äôs literally a bully!!!!!! 
yareikeeper, Tue Jan 26 06:09:19 +0000 2021, -84.433106, 33.767195, maybe Virgo‚Äôs addicted to me tf . 
iembot_rlx, Tue Jan 26 06:09:19 +0000 2021, -79.820000, 38.290000, [Delayed Report] On Jan 25, at 6:30 AM EST, 3 NE Frost [Pocahontas Co, WV] CO-OP OBSERVER reports SNOW of 1.00 INCH‚Ä¶ https://t.co/HpWC2THk79 
veykookie, Tue Jan 26 06:09:19 +0000 2021, -79.272570, 43.629311, basta may mga military yun na yun 
wuttygre, Tue Jan 26 06:09:19 +0000 2021, -93.991840, 30.133176, I need people to stop acting like whataburger doesn‚Äôt make them projectile shit 
NayaHernandez6, Tue Jan 26 06:09:20 +0000 2021, -117.915261, 34.138088, This woman crazy af ü§£ü§£ü§£ü§£ü§£ 
EricWhi49741232, Tue Jan 26 06:09:20 +0000 2021, -117.782360, 33.689732, MATT! MY LORD!WHY DO YO KEEP PICKING VICTORIA???SOMEBODY GIVE ME A LARGE BOOT, I WILL DO YOU A HUGE FAVOR! #TheBachelor 
iembot_rlx, Tue Jan 26 06:09:20 +0000 2021, -81.090000, 37.660000, [Delayed Report] On Jan 25, at 6:30 AM EST, NE Cool Ridge [Raleigh Co, WV] COCORAHS reports SNOW of 0.80 INCH. SNOW‚Ä¶ https://t.co/rquV8QhqfY 
MacD_D_verjens, Tue Jan 26 06:09:20 +0000 2021, -93.508983, 32.535682, @MASKEDTRADES https://t.co/nelcLjqLzK 
nutonmytongue97, Tue Jan 26 06:09:20 +0000 2021, -87.732013, 41.833585, I hate that it really be this hard to get dick üòí 
TorezFisher, Tue Jan 26 06:09:20 +0000 2021, -79.002112, 35.054627, Waking up and seeing that @KingJames dropped 46 8 &amp; 6 and got the W against the Cavs üòÅüòÅüòÅ #LakeShow https://t.co/v1kfaPjwRF 
Jen56473517, Tue Jan 26 06:09:20 +0000 2021, -80.770661, 28.383287, Interesting day of the week 
2trillbxtch, Tue Jan 26 06:09:21 +0000 2021, -91.090800, 30.459100, turned a gangsta to a scared hoe 
StuffyWings4, Tue Jan 26 06:09:21 +0000 2021, -96.932840, 33.170366, @FatalGlytch @OrganyzedG Thanks üëâüëà 
iembot_rlx, Tue Jan 26 06:09:21 +0000 2021, -81.830000, 38.380000, [Delayed Report] On Jan 25, at 6:31 AM EST, 1 WNW ST. Albans [Kanawha Co, WV] COCORAHS reports SNOW of 0.20 INCH. 2‚Ä¶ https://t.co/oO6iBecoHc 
PatriciaMarsol2, Tue Jan 26 06:09:21 +0000 2021, -96.761753, 32.819858, @AuschwitzMuseum We must never forget 
Sony1089, Tue Jan 26 06:09:21 +0000 2021, -123.123581, 49.257639, @AnaFloreess Yo te creo!!! Ojal√° alg√∫n d√≠a se haga justicia, lamento mucho lo que te pas√≥. No les deseo el mal pero‚Ä¶ https://t.co/3QvMny3Stj 
2007paparazzi, Tue Jan 26 06:09:21 +0000 2021, -97.754724, 30.323346, so we‚Äôre all staying chill about twitter‚Äôs horrendous video quality for this long? üòü 
DaddyDaneFuller, Tue Jan 26 06:09:21 +0000 2021, -100.076888, 31.168893, When you see it..... https://t.co/IARCTagXvf 
mjonesbella, Tue Jan 26 06:09:21 +0000 2021, -91.962829, 41.010335, @JoyceWhiteVance https://t.co/5E4ZN9AkNa 
nightwounder13, Tue Jan 26 06:09:22 +0000 2021, -95.446486, 29.838495, Need 
iembot_rlx, Tue Jan 26 06:09:22 +0000 2021, -80.130000, 38.190000, [Delayed Report] On Jan 25, at 7:00 AM EST, Buckeye [Pocahontas Co, WV] CO-OP OBSERVER reports SNOW of 1.00 INCH. S‚Ä¶ https://t.co/EXFwp64Uin 
OGprisonmike, Tue Jan 26 06:09:22 +0000 2021, -85.480497, 38.261642, @DohertyMatt So you‚Äôd vote for a pumpkin who left office with our economy in the shitter, attacked our democracy, a‚Ä¶ https://t.co/l93uDfKjGx 
_ricquelleb, Tue Jan 26 06:09:22 +0000 2021, -77.604684, 41.117936, Appreciate my guy ‚ù§Ô∏è 
iembot_rlx, Tue Jan 26 06:09:23 +0000 2021, -79.840000, 38.940000, [Delayed Report] On Jan 25, at 7:00 AM EST, Elkins [Randolph Co, WV] CO-OP OBSERVER reports SNOW of 4.00 INCH. SNOW‚Ä¶ https://t.co/slExC0GReJ 
locolocal3, Tue Jan 26 06:09:23 +0000 2021, -119.701636, 34.429885, @Gloriabesos @SurfnFitnes @laurenboebert https://t.co/rupmnHPX0m 
Shawdaaaa, Tue Jan 26 06:09:23 +0000 2021, -95.446486, 29.838495, @classifiedblack @thedgtalempress I‚Äôm so sick of them. 
KhalilHairston, Tue Jan 26 06:09:23 +0000 2021, -76.908404, 38.750322, Wise words from the great one üíúüíõüôèüèæ 
NegligentUncle, Tue Jan 26 06:09:23 +0000 2021, -122.868989, 42.343589, üíØ #ImpeachTrumpAgainNOW 
sandi_inc, Tue Jan 26 06:09:23 +0000 2021, -93.434323, 44.723145, https://t.co/eBfMUF5ZKF 
cel_e_ste, Tue Jan 26 06:09:23 +0000 2021, -114.572356, 35.115325, love having literally no friends to take pics in the snow with :/ 
DougKeefer, Tue Jan 26 06:09:23 +0000 2021, -96.586749, 32.973067, That is how a team supports one another!! ‚ÄúTherefore encourage one another and build each other up, just as in fact‚Ä¶ https://t.co/bjSFZzYBt0 
iembot_rlx, Tue Jan 26 06:09:24 +0000 2021, -80.940000, 38.950000, [Delayed Report] On Jan 25, at 7:00 AM EST, 6 W Glenville [Gilmer Co, WV] COCORAHS reports SNOW of 0.50 INCH. SNOW‚Ä¶ https://t.co/ZzoP8OyKw1 
doxiemomdeb, Tue Jan 26 06:09:24 +0000 2021, -74.111971, 40.792200, @laurenboebert A better gift would‚Äôve been a book on American civics, Boobert. 
_alaciaaa, Tue Jan 26 06:09:24 +0000 2021, -92.342322, 34.721886, more like 1,000000000000000000ü§£ 
BustDwnLambiana, Tue Jan 26 06:09:24 +0000 2021, -83.260274, 42.479810, @JustThroatMe Exactly. 
SRHSCareers, Tue Jan 26 06:09:25 +0000 2021, -81.932048, 34.949567, See our latest #Spartanburg, SC job and click to apply: CNA-Home Health &amp; Hospice - https://t.co/ISaY6Cw4hT #careersAtSRHS 
iembot_rlx, Tue Jan 26 06:09:25 +0000 2021, -80.650000, 38.340000, [Delayed Report] On Jan 25, at 7:00 AM EST, 1 NE Craigsville [Nicholas Co, WV] COCORAHS reports SNOW of 2.00 INCH.‚Ä¶ https://t.co/lZKegHWRcI 
crybbynaat, Tue Jan 26 06:09:25 +0000 2021, -118.222017, 33.884968, Adalberto‚Äôs gfs ig story makes me laugh every. single. time. 
PunkRockLife101, Tue Jan 26 06:09:25 +0000 2021, -87.732013, 41.833585, @denalifox 
CountessDionys2, Tue Jan 26 06:09:26 +0000 2021, -81.381449, 31.177709, @DaniiiieDaniiie @foolpleaz @Posey2Maya @jakaijanae_ Used for the elderly, Alzheimer patients, disabled individuals, etc. 
iembot_rlx, Tue Jan 26 06:09:26 +0000 2021, -79.960000, 38.360000, [Delayed Report] On Jan 25, at 7:00 AM EST, 4 SW Cass [Pocahontas Co, WV] COCORAHS reports SNOW of 1.50 INCH. SNOW‚Ä¶ https://t.co/fzJn3mtdoA 
Hotwielzz, Tue Jan 26 06:09:26 +0000 2021, -111.917026, 40.765805, @slimeeefoe @3Jszn @Averysdaddy84 Mahomes only had 88 more attempts than Carr which is roughly only 6 more attempts‚Ä¶ https://t.co/9brxdymRjB 
smroadrunner, Tue Jan 26 06:09:26 +0000 2021, -120.441119, 34.901376, Look at that wind blow #waterspout #shutterspeedphotography #hauntinglybeautiful #naturephotography #nofilter‚Ä¶ https://t.co/3JAr1KRUjj 
FresHurrr, Tue Jan 26 06:09:26 +0000 2021, -80.294893, 26.156619, @JasonFigley @SOARMODE 
curly_toez, Tue Jan 26 06:09:26 +0000 2021, -106.417430, 31.793368, It‚Äôs finally grown on me! üíñ 
QualtricsLife, Tue Jan 26 06:09:27 +0000 2021, -111.658534, 40.233844, Want to work in #Provo, UT? View our latest opening: https://t.co/0NTQsmARIW #BusinessMgmt 
AubreyyyyD, Tue Jan 26 06:09:27 +0000 2021, -80.428864, 37.229291, Police Scanner 1:07am:Sirens are visible from my apt going toward Hunt Club road as reports of possible attempt of B&amp;E taking place 
_drummerchick_, Tue Jan 26 06:09:27 +0000 2021, -75.770041, 42.746617, I MISS THEM. 
SissieDollarz, Tue Jan 26 06:09:26 +0000 2021, -122.218075, 47.392311, @annapolispics Yes i believe so as my goddess looked at me with a strong sense happiness when I told her that I wis‚Ä¶ https://t.co/ECIfmqP2ef 
SirDutchess, Tue Jan 26 06:09:27 +0000 2021, -81.571184, 28.605604, Hopefully some one will answer my tweets cause I don‚Äôt like people who are religious but judges like the devil .. I might have to fire him 
eclecticmontez, Tue Jan 26 06:09:27 +0000 2021, -84.869402, 39.103060, Skrrt skrrt... 
ShermsMilan, Tue Jan 26 06:09:27 +0000 2021, -73.948775, 40.655138, @cinnamonzaddy Yeoooü§£ü§£ü§£ü§£ü§£ 
iembot_rlx, Tue Jan 26 06:09:27 +0000 2021, -80.860000, 39.470000, [Delayed Report] On Jan 25, at 7:00 AM EST, 3 ESE Middlebourne [Tyler Co, WV] COCORAHS reports SNOW of 0.10 INCH. S‚Ä¶ https://t.co/DhH4e9Iw0e 
chels_ann95, Tue Jan 26 06:09:27 +0000 2021, -85.455131, 37.841486, Imma be that bitch bro 
iPlarpa, Tue Jan 26 06:09:28 +0000 2021, -122.630908, 45.536402, Consequences are ridiculous 
iembot_rlx, Tue Jan 26 06:09:28 +0000 2021, -81.410000, 39.160000, [Delayed Report] On Jan 25, at 7:00 AM EST, 2 SW Walker [Wood Co, WV] COCORAHS reports SNOW of 0.10 INCH. SNOW DEPT‚Ä¶ https://t.co/QhDjqb3qBP 
Fnouvellefrance, Tue Jan 26 06:09:28 +0000 2021, -72.157759, 46.666639, Vid√©otron exemple https://t.co/geQxyiWpvN 
GSDOUBLEU, Tue Jan 26 06:09:28 +0000 2021, -121.998644, 37.973327, Warner is the best LB we‚Äôve had since Willis but he‚Äôs still not close to his level, yet. 
princessaxcoco, Tue Jan 26 06:09:28 +0000 2021, -84.433106, 33.767195, I can attest to this 
ljxsubtlebody, Tue Jan 26 06:09:28 +0000 2021, -74.441104, 40.488195, @_TheBoyRex_ u? sell? sneaker collection? üôä 
rafidaa20001, Tue Jan 26 06:09:28 +0000 2021, -88.151832, 42.072284, @HusseinY22 Forza Milan ‚ù§Ô∏èüñ§‚ù§Ô∏èüñ§‚ù§Ô∏èüñ§üî•üî•üî• 
xofficial47, Tue Jan 26 06:09:28 +0000 2021, -80.233328, 25.782353, üêêüêêüêêüêê 
msbrandidawson, Tue Jan 26 06:09:28 +0000 2021, -84.433106, 33.767195, @mrvincecarter15 You can see the love through the pics @mrvincecarter15.  Two GOATs on the court 
DJBurnfanpage, Tue Jan 26 06:09:28 +0000 2021, -118.346153, 33.953633, @AlArabiya_Eng Unity will come after those who committed the crime do the time, unity will come after I get closure https://t.co/UbR2XOOzmK 
TadeoG34, Tue Jan 26 06:09:29 +0000 2021, -101.135143, 27.941111, Chingado ahora tengo que juntar para comprarme esos tenis rosas de lebron 
wolfcaine, Tue Jan 26 06:09:29 +0000 2021, -83.314841, 42.293493, @codybriles6 But can you check out my SoundCloud bro I drop heat 
iembot_rlx, Tue Jan 26 06:09:29 +0000 2021, -80.130000, 38.190000, [Delayed Report] On Jan 25, at 7:00 AM EST, Buckeye [Pocahontas Co, WV] CO-OP OBSERVER reports SNOW of 1.50 INCH. 2‚Ä¶ https://t.co/4m4Xv9k9jL 
CoachSlater25, Tue Jan 26 06:09:29 +0000 2021, -83.127870, 40.583727, @MauriceHarden16 Congrats, brother! Well deserved! 
tyteanaa__, Tue Jan 26 06:09:29 +0000 2021, -82.669467, 40.365160, I go to my boyfriends house and don‚Äôt even think about my wine, I come home and want the whole bottle ü•¥ 
bubbleeyed, Tue Jan 26 06:09:29 +0000 2021, -89.876449, 32.571032, Truth 
evansinco, Tue Jan 26 06:09:29 +0000 2021, -106.362797, 39.624827, @footiusmaximus Damn right https://t.co/447p5toFIy 
bartshansu, Tue Jan 26 06:09:30 +0000 2021, -122.151394, 38.071610, @WolfegangSneak1 @LolaLegged Happy birthday! 
Tweetsfrommeech, Tue Jan 26 06:09:30 +0000 2021, -90.011008, 29.982601, People really think I‚Äôm the sweetest person in the world and I am üòå 
iembot_rlx, Tue Jan 26 06:09:30 +0000 2021, -79.840000, 38.940000, [Delayed Report] On Jan 25, at 7:00 AM EST, Elkins [Randolph Co, WV] CO-OP OBSERVER reports SNOW of 0.50 INCH. 24-H‚Ä¶ https://t.co/uIPH5MGkx3 
_Andrae, Tue Jan 26 06:09:30 +0000 2021, -96.761753, 32.819858, *3rd 
_amandanicoleb, Tue Jan 26 06:09:30 +0000 2021, -83.114588, 34.285895, sleep regression SUCKS. üò´ 
curmudgley, Tue Jan 26 06:09:31 +0000 2021, -121.947291, 36.997949, @GOPLeader insurrectionist says what 
chocolate4985, Tue Jan 26 06:09:31 +0000 2021, -82.985772, 39.994684, Find me a massage 
iembot_rlx, Tue Jan 26 06:09:31 +0000 2021, -80.860000, 39.470000, [Delayed Report] On Jan 25, at 7:00 AM EST, 3 ESE Middlebourne [Tyler Co, WV] CO-OP OBSERVER reports SNOW of 0.10 I‚Ä¶ https://t.co/RPYk67WCHh 
CameronW190, Tue Jan 26 06:09:31 +0000 2021, -84.895326, 39.840571, Clamps üòÇüòÇüòÇüòÇ 
padenpur, Tue Jan 26 06:09:31 +0000 2021, -80.053252, 40.760196, üëáüëáüëá 
maddymaelie, Tue Jan 26 06:09:31 +0000 2021, -97.285913, 32.779967, @jgoocher1 @isacorlew Damn you should be a therapist 
MColeman210, Tue Jan 26 06:09:31 +0000 2021, -98.540651, 29.417501, Nope. 
Shima_Valentine, Tue Jan 26 06:09:31 +0000 2021, -122.712659, 45.466536, Just posted a photo @ Multnomah Village https://t.co/R6nBgeFhpH 
JoplinNewsFirst, Tue Jan 26 06:09:31 +0000 2021, -94.498228, 37.096519, SOURCES OUTSIDE MO SAY THE MURDER VICTIM'S DEBIT CARDS WERE USED IN ROLLA, MO, AND SPRINGFIELD, IL &gt;&gt;&gt;‚Ä¶ https://t.co/4B1VlyvxgR 
CjWilson850, Tue Jan 26 06:09:31 +0000 2021, -83.804475, 27.698682, @doublestffdoreo https://t.co/nZV2wGCT16 
doritosr, Tue Jan 26 06:09:32 +0000 2021, -97.754724, 30.323346, This song again, took me back to a sad ending from first season of The OC üò™ 
WholesomeRyan, Tue Jan 26 06:09:32 +0000 2021, -73.831187, 40.670879, Oh my 
DroflumMac, Tue Jan 26 06:09:32 +0000 2021, -118.325145, 34.182160, @MaxiMil_35 @KeelanKimball His front offices consistently spend money in free agency and on trades. You put Brady o‚Ä¶ https://t.co/1p58eloMLa 
iembot_rlx, Tue Jan 26 06:09:32 +0000 2021, -82.220000, 39.730000, [Delayed Report] On Jan 25, at 7:00 AM EST, 2 NW NEW Lexington [Perry Co, OH] CO-OP OBSERVER reports SNOW of 0.10 I‚Ä¶ https://t.co/ME8gopgWsb 
SueG907, Tue Jan 26 06:09:32 +0000 2021, -117.815428, 34.000937, Absolutely.  There was 1 side who believes the lies and acted on it. What-about-ism isn't gonna work this time. 
MattBosty, Tue Jan 26 06:09:32 +0000 2021, -75.800141, 45.248791, @GatineauGreg At this point it has to be 
SweetToonces, Tue Jan 26 06:09:32 +0000 2021, -95.446486, 29.838495, A whole 365 days since that horrible helicopter crash.....I totally remover how I felt. I‚Äôm feeling those feelings right now. #MambaForever 
SpeedyVeez, Tue Jan 26 06:09:32 +0000 2021, -119.306608, 37.269176, Ohhhh üëèüëèüëèAdnan this tweet is onüî•. Great job! 
augustomdz, Tue Jan 26 06:09:32 +0000 2021, -100.640491, 25.805723, @ML_Ayuda Acabo de ser estafado mediante @MercadoPagoMex y ellos la soluci√≥n que te dicen es que hables con el vend‚Ä¶ https://t.co/eYo4vdcipA 
CPCJuiceBox, Tue Jan 26 06:09:32 +0000 2021, -73.948775, 40.655138, Extreme Orgasm to the point of the death... Wow! 
MedusaKatt, Tue Jan 26 06:09:33 +0000 2021, -76.255686, 36.895082, Good night everybody!! Have an Emerson https://t.co/gANI5sLxr7 
NickTeddyHart, Tue Jan 26 06:09:33 +0000 2021, -115.135165, 36.060964, Did you see this?! https://t.co/xRer28Nbzn 
iembot_rlx, Tue Jan 26 06:09:33 +0000 2021, -82.100000, 39.340000, [Delayed Report] On Jan 25, at 7:00 AM EST, 1 N Athens [Athens Co, OH] COCORAHS reports SNOW of 0.20 INCH. 24-HOUR‚Ä¶ https://t.co/6b6dZo4frW 
Hhjack34, Tue Jan 26 06:09:33 +0000 2021, -87.789901, 41.887130, Nathan Van Cleave‚Äôs score for Twilight Zone‚Äôs ‚ÄúPerchance To Dream‚Äù is a memorable one, and a perfect soundtrack for‚Ä¶ https://t.co/N0bGkFWgTj 
iamDarrenBlake, Tue Jan 26 06:09:33 +0000 2021, -97.935192, 29.895606, Game of thrones stays pissing me off. 
ArchCityMe, Tue Jan 26 06:09:33 +0000 2021, -82.985772, 39.994684, @MekkaDonMusic @FINALLEVEL He is OG Prime. 
LYSiLovesyouu, Tue Jan 26 06:09:33 +0000 2021, -121.469664, 38.561722, @TishaAngelique I know I‚Äôm learning patience lol I‚Äôm probably going to FaceTime tomorrow I‚Äôll text you first I hate‚Ä¶ https://t.co/O6xCh8PuMj 
CraigScharton, Tue Jan 26 06:09:33 +0000 2021, -119.782465, 36.786042, @TravisSheridan I propose doing a graph of concentrated poverty, by district too.  If it goes up, they go out! 
AlanSemsar, Tue Jan 26 06:09:33 +0000 2021, -118.411907, 34.020789, @iamcindychu @latimes Sad  ... we need financial support for both people and businesses, then when all clear we should open up 
TheOnlyJesseOgg, Tue Jan 26 06:09:33 +0000 2021, -93.819637, 42.463868, This is a shooters league and Jimmer is not in it???!! https://t.co/vlDHXsrIzh 
MrsLaineB_, Tue Jan 26 06:09:33 +0000 2021, -79.861034, 35.170499, Let me say it again! https://t.co/ZlOARC6hAW 
AyeeYoo_Trey, Tue Jan 26 06:09:33 +0000 2021, -90.368933, 38.785832, Steph shifts with the ball go crazy 
Nirahh_, Tue Jan 26 06:09:34 +0000 2021, -74.184848, 40.734494, Wow I‚Äôm just waking up food be putting me right out 
BrysWorId, Tue Jan 26 06:09:34 +0000 2021, -73.948775, 40.655138, Free all my boys asap wtf 
iembot_rlx, Tue Jan 26 06:09:34 +0000 2021, -82.080000, 39.290000, [Delayed Report] On Jan 25, at 7:00 AM EST, 2 SSE Athens [Athens Co, OH] COCORAHS reports SNOW of 0.30 INCH. 24-HOU‚Ä¶ https://t.co/X1UpYTcuG0 
BgEzMoney, Tue Jan 26 06:09:34 +0000 2021, -93.955918, 29.901544, Man wtf üòÇüòÇüòÇüòÇ 
_sammymoore_, Tue Jan 26 06:09:34 +0000 2021, -96.761753, 32.819858, @notlorenzo93 @bridgerton Me and @KimKardashian are too! 
gntlman, Tue Jan 26 06:09:34 +0000 2021, -96.602142, 32.774938, Grassley wants to know how DOJ found ‚Äòno wrongdoing‚Äô in Michael Flynn leak probe https://t.co/five2DQv1e via @BIZPACReview 
hiiralph, Tue Jan 26 06:09:34 +0000 2021, -95.446486, 29.838495, https://t.co/Xeci7oE1Np 
shakkazulu, Tue Jan 26 06:09:34 +0000 2021, -94.822776, 29.287575, If 120 years is Ancient, what is 1200 years or 12000 years??? https://t.co/q0XCHx33qN 
wallydubz, Tue Jan 26 06:09:34 +0000 2021, -70.292545, 43.696187, @MoMo_Lives What do you know about Ray Finkle? 
jasm0neyman, Tue Jan 26 06:09:35 +0000 2021, -89.266508, 39.739300, @ttiredyama ayo i love carson 
iembot_rlx, Tue Jan 26 06:09:35 +0000 2021, -82.270000, 39.250000, [Delayed Report] On Jan 25, at 7:00 AM EST, 5 WNW Albany [Vinton Co, OH] COCORAHS reports SNOW of 0.10 INCH. 24-HOU‚Ä¶ https://t.co/kmdKtJOXCb 
_balushi99, Tue Jan 26 06:09:35 +0000 2021, -122.630908, 45.536402, @Adil_Alzadjali_ ÿßŸÜÿß ŸÖÿ™ŸÉÿ®ÿ± ÿü ÿπŸäÿ® ÿπŸÑŸäŸÉ ŸàÿßŸÑŸÑŸá üòî 
anyway0jffg, Tue Jan 26 06:09:35 +0000 2021, -82.665911, 28.300058, @SenTinaSmith @POTUS 1222, https://t.co/ZOqXh3xPia 
sefira, Tue Jan 26 06:09:35 +0000 2021, -87.732013, 41.833585, ‚ÄúPromising Young Woman‚Äù had so many relatable scenes. It was very cathartic to watch, but also very, very sad. 
traill_, Tue Jan 26 06:09:36 +0000 2021, -92.701944, 32.527726, @7lattt @trimellcarey Boy tapped out 7 
iembot_rlx, Tue Jan 26 06:09:36 +0000 2021, -82.000000, 39.550000, [Delayed Report] On Jan 25, at 7:00 AM EST, 6 NE Glouster [Morgan Co, OH] COCORAHS reports SNOW of 0.30 INCH. 24-HO‚Ä¶ https://t.co/juk3HIcuez 
livmoods, Tue Jan 26 06:09:36 +0000 2021, -104.976767, 39.534794, @BlazeOn325 I feel personally responsible üò≠ 
MattIsElite2, Tue Jan 26 06:09:36 +0000 2021, -86.441236, 39.766555, @johnw93705758 Astros the only thing you think about lmao 
_mere1k, Tue Jan 26 06:09:36 +0000 2021, -83.173867, 32.678207, ü•∫ü•∫ 
_CrystelO_, Tue Jan 26 06:09:36 +0000 2021, -82.669467, 40.365160, tatti son is literally such a happy ass baby. i hope my son is the same way üò≠ 
iembot_rlx, Tue Jan 26 06:09:37 +0000 2021, -81.560000, 39.280000, [Delayed Report] On Jan 25, at 7:00 AM EST, Parkersburg [Wood Co, WV] CO-OP OBSERVER reports SNOW of 0.50 INCH. 24-‚Ä¶ https://t.co/p2hHB3wo1b 
Escape_TheVoid, Tue Jan 26 06:09:37 +0000 2021, -98.000150, 26.299832, @lloudnclearr @skattboard_ This cap 
Neccy_Pooh, Tue Jan 26 06:09:37 +0000 2021, -96.761753, 32.819858, im just happy 
meredithfl0yd, Tue Jan 26 06:09:37 +0000 2021, -74.184848, 40.734494, @banaryyy YOU‚ÄôRE A CLOWN SON üò≠üòÇüòÇüòÇüòÇ *waiting* 
DJBurnfanpage, Tue Jan 26 06:09:38 +0000 2021, -118.346153, 33.953633, @wsbradio Unity will come after those who committed the crime do the time, unity will come after I get closure https://t.co/UbR2XOOzmK 
iembot_rlx, Tue Jan 26 06:09:38 +0000 2021, -81.720000, 38.310000, [Delayed Report] On Jan 25, at 7:00 AM EST, Southridge NWS [Kanawha Co, WV] CO-OP OBSERVER reports SNOW of 0.10 INC‚Ä¶ https://t.co/qkl1lkpQgR 
ProfOzzy, Tue Jan 26 06:09:38 +0000 2021, -76.620482, 39.284713, One Fucking Hundred YearsOne Hundred Fucking YearsSo many possibilities 
ParedesIi, Tue Jan 26 06:09:38 +0000 2021, -96.761753, 32.819858, @_SOMETHlNGGOOD https://t.co/1W43UtxPql 
2trillbxtch, Tue Jan 26 06:09:38 +0000 2021, -91.090800, 30.459100, no feelings involved 
QualOverQuan, Tue Jan 26 06:09:38 +0000 2021, -118.411907, 34.020789, @__ItsKen_ @daasTRILL Saw that earlier, and had to see myself to the door. 
everyEarthquake, Tue Jan 26 06:09:38 +0000 2021, -116.795830, 33.493832, USGS reports a M1.14 earthquake, 9km NE of Aguanga, CA on 1/26/21 @ 6:06:52 UTC https://t.co/UZJS5tqpJe #earthquake 
laurenskool, Tue Jan 26 06:09:38 +0000 2021, -110.044783, 46.679800, https://t.co/XbtXdYTJnq 
rollgrint, Tue Jan 26 06:09:38 +0000 2021, -79.272570, 43.629311, I still want to do everything in the world with you üíî 
iembot_rlx, Tue Jan 26 06:09:39 +0000 2021, -80.030000, 39.310000, [Delayed Report] On Jan 25, at 7:00 AM EST, Tygart Lake [Taylor Co, WV] CO-OP OBSERVER reports SNOW of 0.20 INCH. 2‚Ä¶ https://t.co/KHpIqBewjb 
drbeaul98512, Tue Jan 26 06:09:39 +0000 2021, -122.935226, 46.971318, These companies suck. 
KpopWithV, Tue Jan 26 06:09:39 +0000 2021, -80.846785, 35.209059, This is proof that NCiTy is just chaotic fun .I love it üíö 
agunnwrites, Tue Jan 26 06:09:39 +0000 2021, -106.632718, 35.117002, The meltdown is just pure, unmitigated catharsis. 
nolimitdajon202, Tue Jan 26 06:09:39 +0000 2021, -77.014398, 38.898603, @RealFreakShitTx Right of course 
Mattmilladb8, Tue Jan 26 06:09:39 +0000 2021, -111.872869, 40.498391, @Svengelskamann1 Reminds me of the phrase ‚Äòsexual preference‚Äô, which was changed to seem offense when it‚Äôs used to‚Ä¶ https://t.co/YXGJzjPKPt 
kaihuber_, Tue Jan 26 06:09:39 +0000 2021, -117.851089, 33.842863, finally got my unemployment again after 2 monthsüò©üò© 
Xevran01, Tue Jan 26 06:09:40 +0000 2021, -90.011008, 29.982601, @WEJUSTNEEDMONEH @etliosK 
SecretsUnknown5, Tue Jan 26 06:09:40 +0000 2021, -76.908404, 38.750322, Does anyone have an unexplainable story or video that they‚Äôd like to share you can dm me and I‚Äôll post it 
iembot_rlx, Tue Jan 26 06:09:40 +0000 2021, -80.660000, 39.420000, [Delayed Report] On Jan 25, at 7:00 AM EST, 2 NNW Center Point [Doddridge Co, WV] COCORAHS reports SNOW of 0.20 INC‚Ä¶ https://t.co/eK3Ol2YepV 
sadskateallday, Tue Jan 26 06:09:40 +0000 2021, -118.411907, 34.020789, Welcome To The SAD World Black Tees available online üöÄ shop https://t.co/erRcY1Y5Lo ! #SADskateco #losangeles‚Ä¶ https://t.co/C6nh4Be1N8 
newtoqueencity, Tue Jan 26 06:09:40 +0000 2021, -80.846785, 35.209059, I need this treatment. My mouth is open too 
BucketyBoo_96, Tue Jan 26 06:09:40 +0000 2021, -97.135638, 32.701850, I really forgot to submit the one assignment I had to do even though I had it completed a week in advance and didn‚Äô‚Ä¶ https://t.co/vQrdBB5EuW 
12196147307, Tue Jan 26 06:09:40 +0000 2021, -87.327733, 41.585849, @hoesloveholly Happy Birthday üéÇ üéâ üéÅ ü•≥ üéà üéä 
SooooVain, Tue Jan 26 06:09:40 +0000 2021, -83.173867, 32.678207, @EarthDemocrat I‚Äôll tag you on the post. 
iembot_rlx, Tue Jan 26 06:09:41 +0000 2021, -80.940000, 38.950000, [Delayed Report] On Jan 25, at 7:00 AM EST, 6 W Glenville [Gilmer Co, WV] COCORAHS reports SNOW of 0.50 INCH. 24-HO‚Ä¶ https://t.co/o30wuEqvG1 
MixedGirlMane, Tue Jan 26 06:09:41 +0000 2021, -118.411907, 34.020789, @ThatCoolBlkNerd *ckubhouse 
manonbanta, Tue Jan 26 06:09:41 +0000 2021, -118.411907, 34.020789, @molly_knight Aren‚Äôt the early days of a relationship great? 
LarryKentDenni1, Tue Jan 26 06:09:41 +0000 2021, -103.205759, 40.627351, Trump should move back to New York.  Run against Chuckie in 2022! Then run for the WH In 2024!! 
DayyyMoney, Tue Jan 26 06:09:41 +0000 2021, -75.386460, 39.145024, I'll never forget when bro sent me that kobe text... my feelings immediately were hurt i said " don't play like that" üòï 
1Karot, Tue Jan 26 06:09:41 +0000 2021, -87.967292, 43.056722, If my Dick had something to do with it SHE WAS CUMMIN 
xDarthSTYXx, Tue Jan 26 06:09:41 +0000 2021, -100.790672, 41.124288, @GodotIsW8ing4U @walt_latham @BoundingComics So, you aren't patient enough to read a different writing style. That'‚Ä¶ https://t.co/YB8d9EqlHZ 
iembot_rlx, Tue Jan 26 06:09:42 +0000 2021, -81.670000, 38.350000, [Delayed Report] On Jan 25, at 7:00 AM EST, 2 W Charleston [Kanawha Co, WV] COCORAHS reports SNOW of 0.20 INCH. 24-‚Ä¶ https://t.co/oW05wNNBi5 
gummogal, Tue Jan 26 06:09:42 +0000 2021, -122.330602, 47.614817, saw this on insta today....this is the epitome of sex appeal https://t.co/OUEEcQNOkR 
saraa_llanos, Tue Jan 26 06:09:42 +0000 2021, -117.603783, 34.045158, I love my students they hype me up so much ü§£ 
teslaunivrse, Tue Jan 26 06:09:42 +0000 2021, -74.063787, 40.778489, Cheers Governor @chamath https://t.co/8n6HLoamVJ 
_ItsLoBaby, Tue Jan 26 06:09:42 +0000 2021, -84.578994, 33.551151, It‚Äôs sad that men think that their opinion on women‚Äôs fashion is relevant ! worry bout yo family dawg üòÇüò© https://t.co/hS0WHHyoLO 
newrealization, Tue Jan 26 06:09:42 +0000 2021, -96.972913, 28.802534, I love how sweet I smell straight out the shower ü•µ 
JoseGandhy, Tue Jan 26 06:09:43 +0000 2021, -107.342056, 24.662488, @RicardoAngulo5 @_UnJaibo Seg√∫n provocas m√°s flujo sangu√≠neo y se te pone dura como roca la Verga, para dar duro contra el muro. 
HexTomBombadil, Tue Jan 26 06:09:43 +0000 2021, -79.420865, 38.003376, üî•He told me also that these wolfish men who are now Communists had been born in the the Church whose bitter enemies‚Ä¶ https://t.co/wrnfVfFEOB 
iembot_rlx, Tue Jan 26 06:09:43 +0000 2021, -81.680000, 38.340000, [Delayed Report] On Jan 25, at 7:00 AM EST, 3 W Charleston [Kanawha Co, WV] COCORAHS reports SNOW of 0.10 INCH. 24-‚Ä¶ https://t.co/l9tfb2NGdr 
marckodadon, Tue Jan 26 06:09:43 +0000 2021, -77.429164, 37.244620, Nah I can‚Äôt wait to do this 
DJBurnfanpage, Tue Jan 26 06:09:43 +0000 2021, -118.346153, 33.953633, @WashTimes @ckchumley @WashTimesOpEd Unity will come after those who committed the crime do the time, unity will co‚Ä¶ https://t.co/FWF3FKEHrP 
badass1972, Tue Jan 26 06:09:43 +0000 2021, -118.338504, 34.116391, @NateRockQuarry All over this !! Thanks brother üôè Stay strong brother üí™ 
iamJustifieddd, Tue Jan 26 06:09:43 +0000 2021, -81.367773, 28.501678, @__therealjenny Come on Jesus!!! ‚úùÔ∏è https://t.co/0dvHcbx5II 
iembot_rlx, Tue Jan 26 06:09:44 +0000 2021, -81.840000, 38.350000, [Delayed Report] On Jan 25, at 7:00 AM EST, 2 SW ST. Albans [Kanawha Co, WV] COCORAHS reports SNOW of 0.10 INCH. 24‚Ä¶ https://t.co/9ChEC0EBqJ 
mariahmagicmouf, Tue Jan 26 06:09:44 +0000 2021, -84.151209, 31.649873, A big black Dick üò© 
Buffalo1188, Tue Jan 26 06:09:44 +0000 2021, -116.979453, 33.784916, @CardPurchaser Any help on price of these? Found in an old box. 1994 finest refractors. Thanks https://t.co/e9jDKn8uxy 
bitcrazed, Tue Jan 26 06:09:44 +0000 2021, -120.882482, 47.273022, @JorgeArteiro Thank you. Can't wait to see the English version üòú 
305_HighGuy_305, Tue Jan 26 06:09:44 +0000 2021, -80.187553, 25.868938, Niggas be 40 years old trynna sneaky link. SMH Nigga go get marriedüòÇ. 
JenniSabiston, Tue Jan 26 06:09:44 +0000 2021, -81.816602, 26.674996, @maple_vine @ThatEricAlper Take me back ü§ó 
mikkiowens_, Tue Jan 26 06:09:44 +0000 2021, -100.076888, 31.168893, If you‚Äôre in your 20s still prank calling pls grow upüò≥ 
carolzinhakkj, Tue Jan 26 06:09:45 +0000 2021, -104.922093, 39.713563, VAI SE FUDER KKKKKKKKKKKKKKKKKKKKMKKKKKKKK 
chnyngcllamrn, Tue Jan 26 06:09:45 +0000 2021, -122.818486, 49.111519, @frentszn Papakainin ko den ng tinapay baby G ko HHAHAHAHHA #malusog 
JasmynElaine, Tue Jan 26 06:09:45 +0000 2021, -157.999685, 21.473933, lame...not instagrammable and no way i‚Äôm hiking back to get it again ü§¶üèæ‚Äç‚ôÄÔ∏è 
iembot_rlx, Tue Jan 26 06:09:45 +0000 2021, -80.650000, 38.340000, [Delayed Report] On Jan 25, at 7:00 AM EST, 1 NE Craigsville [Nicholas Co, WV] COCORAHS reports SNOW of 1.00 INCH.‚Ä¶ https://t.co/1CSKxOjLBS 
justinkichlerr, Tue Jan 26 06:09:45 +0000 2021, -117.947887, 33.924881, I‚Äôm not mentally prepared for all the Kobe stuff tomorrow... still seems so unreal 
GE0V4NNI, Tue Jan 26 06:09:45 +0000 2021, -97.935192, 29.895606, Barely eating my first meal of the day 
JEGuerraF, Tue Jan 26 06:09:45 +0000 2021, -111.498181, 28.969863, Rumbo a Cajeme, nos agarr√≥ la lluvia! https://t.co/a9fWEsvFZo 
copycatchiller, Tue Jan 26 06:09:46 +0000 2021, -122.435979, 37.770657, @DeskLxmp me too 
iembot_rlx, Tue Jan 26 06:09:46 +0000 2021, -79.960000, 38.360000, [Delayed Report] On Jan 25, at 7:00 AM EST, 4 SW Cass [Pocahontas Co, WV] COCORAHS reports SNOW of 0.80 INCH. 24-HO‚Ä¶ https://t.co/sVu2rPGj8n 
johnjpollard, Tue Jan 26 06:09:46 +0000 2021, -80.247682, 43.596625, https://t.co/haCoLnwt5W 
naIg0na, Tue Jan 26 06:09:46 +0000 2021, -111.928142, 33.392884, @SauceitupG A lint roller 
JoSocVenecola, Tue Jan 26 06:09:47 +0000 2021, -95.446486, 29.838495, Recuerda, nunca luches con un cerdo. Ambos se ensuciar√°n, pero el cerdo lo disfrutar√°. - Insp√≠rate y ten un buen d√≠‚Ä¶ https://t.co/gtaD7YJrHh 
iembot_rlx, Tue Jan 26 06:09:47 +0000 2021, -80.960000, 39.270000, [Delayed Report] On Jan 25, at 7:00 AM EST, 1 ESE Pennsboro [Ritchie Co, WV] COCORAHS reports SNOW of 0.10 INCH. 24‚Ä¶ https://t.co/PBZKUfulD0 
TheKenzo_x, Tue Jan 26 06:09:47 +0000 2021, -117.104989, 32.810012, @rickeightsix @Swagg Warzone was never fun. The whole idea of someone camping till the end of the game just for him‚Ä¶ https://t.co/gDcncHqEO2 
JoSocVenecola, Tue Jan 26 06:09:47 +0000 2021, -95.446486, 29.838495, Lo dirig√≠ a tu casa. Recibe su luz y gracia, pero no lo guardes en tu casa. Env√≠alo a aquellos a quienes amas y quieres ver triunfar. 
dscott052, Tue Jan 26 06:09:47 +0000 2021, -122.405221, 48.746091, @coopy1211 That's Marley who belongs to one of the couples I sit next to at the Loo! Cute little guy. Takes him a d‚Ä¶ https://t.co/Ip41ZfvYOF 
love_mylife2012, Tue Jan 26 06:09:47 +0000 2021, -79.861034, 35.170499, ‚ù§Ô∏è yourself f the opinions of others 
My_Opinion1982, Tue Jan 26 06:09:47 +0000 2021, -84.433106, 33.767195, One thing i hate about going home to S.A. for holidays is that, for a month after coming back from holidays, my bod‚Ä¶ https://t.co/c0Kn3oKdYr 
j_lee704, Tue Jan 26 06:09:48 +0000 2021, -80.649824, 35.064324, Aight man this thang hittin keep an eye out for the release promo im about to do bc sheeeeesh 
iembot_rlx, Tue Jan 26 06:09:48 +0000 2021, -80.860000, 39.470000, [Delayed Report] On Jan 25, at 7:00 AM EST, 3 ESE Middlebourne [Tyler Co, WV] COCORAHS reports SNOW of 0.10 INCH. 2‚Ä¶ https://t.co/Q2YOVR1GwZ 
notkobyocho, Tue Jan 26 06:09:48 +0000 2021, -85.722346, 38.195555, Wit plan time Batman gonna use the same electro magnetic equipment Bounty Hunters and Shock troopers use to weaken‚Ä¶ https://t.co/Z15Icxf5ww 
SeachickenB, Tue Jan 26 06:09:48 +0000 2021, -122.305490, 47.655466, I am gonn break richard #sherman's jaw when he hasnomoney back in #africa thief nagger monkey 
1RayJ, Tue Jan 26 06:09:48 +0000 2021, -117.017630, 32.769690, I don't believe you üòÅ 
KathyAlbers, Tue Jan 26 06:09:48 +0000 2021, -86.680738, 32.576227, @KwikWarren @MTrued It is an act.  He needs to be tone it down.  Either he needs to go back to the House, preach in‚Ä¶ https://t.co/oB6mTdr39m 
RayvenMoon, Tue Jan 26 06:09:48 +0000 2021, -70.292545, 43.696187, @BuckarooBonnzai Also correct 
jeemstate, Tue Jan 26 06:09:49 +0000 2021, -112.124676, 33.552863, we are delighting in the finest cuisines this evening I see 
JOZR_93, Tue Jan 26 06:09:48 +0000 2021, -117.172543, 32.650102, This weather got me like https://t.co/baMqnpkRrO 
tyteanaa__, Tue Jan 26 06:09:49 +0000 2021, -82.669467, 40.365160, ü•∫ü•∫ü•∫ 
Justoo_, Tue Jan 26 06:09:49 +0000 2021, -76.255686, 36.895082, üñ§ https://t.co/wYkseQcF8y 
SRTMC, Tue Jan 26 06:09:49 +0000 2021, -118.559763, 46.794765, Updated: SR-26 from US-395 to Washtucna: Bare and wet, ice in places. 
iembot_rlx, Tue Jan 26 06:09:49 +0000 2021, -81.410000, 39.160000, [Delayed Report] On Jan 25, at 7:00 AM EST, 2 SW Walker [Wood Co, WV] COCORAHS reports SNOW of 0.30 INCH. 24-HOUR S‚Ä¶ https://t.co/uC3waqZRxL 
AMR_designs1, Tue Jan 26 06:09:49 +0000 2021, -117.673254, 33.987333, @LoriGreiner @CedEntertainer @MillionaireTV @ABCSharkTank @squattypotty D 
AJMoore_13, Tue Jan 26 06:09:49 +0000 2021, -86.391835, 39.767224, wow 
iembot_rlx, Tue Jan 26 06:09:50 +0000 2021, -82.130000, 39.470000, [Delayed Report] On Jan 25, at 7:30 AM EST, 4 SW Glouster [Athens Co, OH] COCORAHS reports SNOW of 0.30 INCH. 24-HO‚Ä¶ https://t.co/Gf416hYIe2 
LIZBAZURTOG, Tue Jan 26 06:09:50 +0000 2021, -118.411907, 34.020789, Hey!! @ParikPatelCFA Wake up! Control your son!! 
e_m_d22, Tue Jan 26 06:09:50 +0000 2021, -121.873730, 37.331159, Yeah, he‚Äôs def trolling us 
Dmv_Scott, Tue Jan 26 06:09:51 +0000 2021, -76.772239, 38.936694, Among us lsdwkf 
jrattler9, Tue Jan 26 06:09:51 +0000 2021, -114.031150, 46.879100, Wow two weeks @WWEAsuka and @AlexaBliss_WWE had some amazing matches and sent us home with a good night. Awesome ma‚Ä¶ https://t.co/5Hf1aFXYNj 
revmaddog1948, Tue Jan 26 06:09:51 +0000 2021, -86.328023, 41.337732, #BidenRemorse 
iembot_rlx, Tue Jan 26 06:09:51 +0000 2021, -80.730000, 39.270000, [Delayed Report] On Jan 25, at 7:30 AM EST, 3 SE West Union [Doddridge Co, WV] COCORAHS reports SNOW of 0.10 INCH.‚Ä¶ https://t.co/A8S7zURrSX 
CliffEmA11, Tue Jan 26 06:09:51 +0000 2021, -117.656773, 33.603508, https://t.co/Fmgm1mFgFo 
sewsybaby, Tue Jan 26 06:09:51 +0000 2021, -118.411907, 34.020789, mac millers best day ever doesnt resonate with me anymore, i wanna kms and thats a happy mixtape 
MarkAGunnels, Tue Jan 26 06:09:51 +0000 2021, -118.411907, 34.020789, @SirBruceth Just facts bro. 
ZekeGonZaldi, Tue Jan 26 06:09:52 +0000 2021, -85.491540, 32.597245, The Bo Nix effect 
k_jamilia, Tue Jan 26 06:09:52 +0000 2021, -86.791549, 36.200008, It‚Äôs these adults that be fake crying like toddlers for me üòÇüòÇüòÇüòÇüòÇ. 
jahmesssss, Tue Jan 26 06:09:52 +0000 2021, -76.960765, 38.999040, @KniyaMckenziee yooo chill üòÇüòÇ everyone can be boo'd up but me? 
iembot_rlx, Tue Jan 26 06:09:52 +0000 2021, -82.030000, 38.420000, [Delayed Report] On Jan 25, at 7:30 AM EST, 2 SSW Hurricane [Putnam Co, WV] COCORAHS reports SNOW of 0.10 INCH. 24-‚Ä¶ https://t.co/vDelNsXwEO 
HonestyKLewis, Tue Jan 26 06:09:52 +0000 2021, -98.716992, 35.309047, @_JadaPatrice and she knew better than to even come to practice or cheer with 30 inch heavy braids that would hurt‚Ä¶ https://t.co/P78Iq1okrM 
Og_Big_Norman, Tue Jan 26 06:09:52 +0000 2021, -96.761753, 32.819858, @NickBrasi_ Man lol 
parkskieth, Tue Jan 26 06:09:52 +0000 2021, -77.477105, 39.031160, @DanRather Aliens 
flyinkmack, Tue Jan 26 06:09:52 +0000 2021, -96.761753, 32.819858, @chamath üíØ 
laquialene69, Tue Jan 26 06:09:52 +0000 2021, -88.161555, 30.683649, @Joeko5150 @JuliusFnDiamond @born_rheumatic @JoshuaPotash Maybe you will like this one better, yes?https://t.co/71lJDixvSm 
chrispraterr, Tue Jan 26 06:09:52 +0000 2021, -79.860290, 36.594297, I‚Äôm nauseous I‚Äôm dyinnnnnnnn 
RosenbaumRyan, Tue Jan 26 06:09:52 +0000 2021, -75.137862, 40.184348, Some general life goals: Swim a mile, learn to make a perfect cheesecake, make sure my children never become Dallas‚Ä¶ https://t.co/momDNhd5Gl 
SwayyVibess, Tue Jan 26 06:09:52 +0000 2021, -89.876449, 32.571032, Tony Ton√© Toni had no reason to snap that hard on "Anniversary"... ü§ß 
DJBurnfanpage, Tue Jan 26 06:09:53 +0000 2021, -118.346153, 33.953633, @NakabuyeHildaF @JoeBiden @KamalaHarris @Fridays4future Unity will come after those who committed the crime do the‚Ä¶ https://t.co/f6rffSFEmp 
iembot_rlx, Tue Jan 26 06:09:53 +0000 2021, -79.770000, 38.530000, [Delayed Report] On Jan 25, at 7:30 AM EST, 1 S Bartow [Pocahontas Co, WV] CO-OP OBSERVER reports SNOW of 3.00 INCH‚Ä¶ https://t.co/p2wMdpJhnE 
Gamercore, Tue Jan 26 06:09:53 +0000 2021, -117.294096, 34.134925, @WhatTheBit Don‚Äôt get sucked in. 
99Miami_, Tue Jan 26 06:09:53 +0000 2021, -118.411907, 34.020789, Enjoy a coke https://t.co/TSmvt0ndmD 
TheOnlyJesseOgg, Tue Jan 26 06:09:53 +0000 2021, -93.819637, 42.463868, @PeakRussWest24 üíúüíõ 
avkaur13, Tue Jan 26 06:09:53 +0000 2021, -122.149397, 47.862766, #FarmersProstests 
rissa_acklns, Tue Jan 26 06:09:54 +0000 2021, -111.880874, 33.282450, You know what this year ima order myself one of those mf flower bears I see everywhere 
iembot_rlx, Tue Jan 26 06:09:54 +0000 2021, -82.130000, 39.470000, [Delayed Report] On Jan 25, at 7:30 AM EST, 4 SW Glouster [Athens Co, OH] COCORAHS reports SNOW of 0.30 INCH. SNOW‚Ä¶ https://t.co/YpEXppRdNK 
andrew_a_smith, Tue Jan 26 06:09:54 +0000 2021, -118.411907, 34.020789, Further proof @GavinNewsom is a fucking idiot 
JordanDonahue23, Tue Jan 26 06:09:54 +0000 2021, -112.124676, 33.552863, Dear @espn please never have bill walton ever commentate a game ever again 
